Title,Image URL,Price,Description,Grade,Specification,Link
太陽的痕跡3【含預購贈品】,https://cdn.kingstone.com.tw/book/images/product/20186/2018620153523/2018620153523b.jpg?v=91e7a,284,"★在太陽墜落的瞬間，影子才發現，
失去光，黑暗就沒了存在的意義

★大型連續副本迎來終戰，
兩人的感情也將步入完美結局……嗎？

★人氣BL韓漫臺灣KAKAO破萬點閱連載中！

★隨書好禮大方送：
第一重：隨書附錄「羅德島太陽神像」全景拉頁海報，可搭配預購贈品使用
第二重：隨書附贈精美留言卡
第三重：獨家收錄作者紙上訪談第三彈，暢談副本和角色的幕後花絮
第四重：特殊裝幀書封，封底上有完整的太陽神像，打開折口則會露出攻略前的古代遺跡，並有燙色作者印簽，值得珍藏！

★預購限量好禮：
拍立得角色透卡乙張（5.4cm*8.5cm）
PVC透卡上印有作者簽名，請搭配隨書附贈的背景圖拉頁海報使用，
可拿角色拍立得透卡任意放在場景的某個角落拍照，
跟著他們一起觀賞羅德島宏偉的太陽神像吧！
（數量有限，送完為止。印刷效果請以實物為準，謝謝）

史賢帶領著Chord連續攻克六處古代七大奇蹟的大型連續副本，直到要進行最後一個副本前事情突然發生了變化。

由於HN公會會長的死亡，史允江接任成為新任會長，並藉此換掉Chord優先進入副本的權利，轉而由HN公會一級特攻隊頂替，引起軒然大波。最後，在史賢的計謀下，史允江不僅從副本中慘敗，還遭指控對前任會長下毒而黯然下臺。

史允江憤而揭露他偷拍到鄭利善在龍仁的家中，竟出現理應在第二次大型副本時死亡的獵人，讓鄭利善一時被捲入風口浪尖上。過往的陰影及對朋友的愧疚再度籠罩著鄭利善，在絕望之際，他察覺自己竟不知不覺中愛上了史賢，對史賢的感情是唯一活下去的理由，偏偏他主動跟史賢告白時，亦清楚地發現史賢只是在利用這份感情，好把自己牢牢掌握在手中。

另一頭，史賢找獵人公會長談判，順利化解輿論危機，還順理成章地成為HN公會長，同時成功說服泰信公會一起攻略法羅斯島燈塔，最後甚至被鄭利善告白了……意氣風發的史賢沒注意到鄭利善的不對勁，在進入最終副本前夕，答應要幫他實現最後一個願望……

燈塔閃耀的火光灑在他們身上，就像是被光芒困住般，
史賢艱難地握著鄭利善的手，「待在我身邊，拜託。」

＝延伸閱讀＝
愛生活◆愛閱讀◆愛創作
更多精采活動與新書訊息請關注：
愛呦文創粉絲團：https://www.facebook.com/iyao.book/",普通級,21*14.8*1.5,https://www.kingstone.com.tw/basic/2018620153523/?lid=book_class2_bestseller_RA
太陽的痕跡3【特裝組】,https://cdn.kingstone.com.tw/book/images/product/20186/2018620153653/2018620153653b.jpg?v=d2a24,490,"★在太陽墜落的瞬間，影子才發現，
失去光，黑暗就沒了存在的意義

★大型連續副本迎來終戰，
兩人的感情也將步入完美結局……嗎？

★人氣BL韓漫臺灣KAKAO破萬點閱連載中！

★隨書好禮大方送：
第一重：隨書附錄「羅德島太陽神像」全景拉頁海報，可搭配預購贈品使用
第二重：隨書附贈精美留言卡
第三重：獨家收錄作者紙上訪談第三彈，暢談副本和角色的幕後花絮
第四重：特殊裝幀書封，封底上有完整的太陽神像，打開折口則會露出攻略前的古代遺跡，並有燙色作者印簽，值得珍藏！

★預購限量好禮：
拍立得角色透卡乙張（5.4cm*8.5cm）
PVC透卡上印有作者簽名，請搭配隨書附贈的背景圖拉頁海報使用，
可拿角色拍立得透卡任意放在場景的某個角落拍照，
跟著他們一起觀賞羅德島宏偉的太陽神像吧！
（數量有限，送完為止。印刷效果請以實物為準，謝謝）

太陽的痕跡3【特裝組】╱小說、場景自組立牌「羅德島太陽神像款」

= 商品簡介 =

壓克力自組立牌「羅德島太陽神像款」
10x13cm╱透明壓克力╱雙面同圖╱吊飾及立牌兩用╱保護膜請自行撕除

──我受傷了，利善。
看見史賢臉上的傷，鄭利善不自覺地擔憂伸出手，在緊張刺激的冒險中，逐漸加深對彼此的在乎與依戀！一起搜集五個副本場景，所有立牌都可以任意替換，讓兩人置身不同古代遺跡，守護彼此！
【備註】可自行加吊繩，變成壓克力吊飾使用（產品沒有附吊繩）

= 小說簡介 =

史賢帶領著Chord連續攻克六處古代七大奇蹟的大型連續副本，直到要進行最後一個副本前事情突然發生了變化。

由於HN公會會長的死亡，史允江接任成為新任會長，並藉此換掉Chord優先進入副本的權利，轉而由HN公會一級特攻隊頂替，引起軒然大波。最後，在史賢的計謀下，史允江不僅從副本中慘敗，還遭指控對前任會長下毒而黯然下臺。

史允江憤而揭露他偷拍到鄭利善在龍仁的家中，竟出現理應在第二次大型副本時死亡的獵人，讓鄭利善一時被捲入風口浪尖上。過往的陰影及對朋友的愧疚再度籠罩著鄭利善，在絕望之際，他察覺自己竟不知不覺中愛上了史賢，對史賢的感情是唯一活下去的理由，偏偏他主動跟史賢告白時，亦清楚地發現史賢只是在利用這份感情，好把自己牢牢掌握在手中。

另一頭，史賢找獵人公會長談判，順利化解輿論危機，還順理成章地成為HN公會長，同時成功說服泰信公會一起攻略法羅斯島燈塔，最後甚至被鄭利善告白了……意氣風發的史賢沒注意到鄭利善的不對勁，在進入最終副本前夕，答應要幫他實現最後一個願望……

燈塔閃耀的火光灑在他們身上，就像是被光芒困住般，
史賢艱難地握著鄭利善的手，「待在我身邊，拜託。」

＝延伸閱讀＝
愛生活◆愛閱讀◆愛創作
更多精采活動與新書訊息請關注：
愛呦文創粉絲團：https://www.facebook.com/iyao.book/",普通級,21*14.8*1.5,https://www.kingstone.com.tw/basic/2018620153653/?lid=book_class2_bestseller_RA
重生後我決定繼承家產2,https://cdn.kingstone.com.tw/book/images/product/20185/2018563642931/2018563642931b.jpg?v=95d2b,284,"★高冷淡漠的天才演員╳小劇場豐富的新晉總裁
★不可能！喜歡什麼的肯定是錯覺――
★首刷贈精美雙面明信片！
  宋昀然的霸總事業逐漸步上軌道，
同時，他意識到秦恪和自己一樣重生了。
  這很不妙――
身為讓一切重來的罪魁禍首，
宋昀然深怕秦恪找自己尋仇，拚命隱瞞重生身分，
卻不知不覺把自己給賣了？！
宋昀然想跪：「我錯了，哥哥！」
秦恪：「……」
  宋昀然答應和秦恪一起參加旅遊綜藝節目。
兩人的感情因此迅速升溫，
也意外成功讓秦恪叫自己「爸爸」。
但還沒來得及開心太久，
誰來告訴他，為什麼秦恪的嘴脣看起來那麼好親？
宋昀然：我的父愛，難道變質了嗎？！
 ",普通級,25開15*21cm,https://www.kingstone.com.tw/basic/2018563642931/?lid=book_class2_bestseller_RA
Omega Complex1(Omega心結),https://cdn.kingstone.com.tw/book/images/product/20186/2018620148086/2018620148086b.jpg?v=f1028,298,"商品特色
  ※✨韓國RIDIBOOKS 4.6顆星好評推薦✨知名作者Oneulbom老師首部小說，繁體中文版撩慾登場！
※執著企管男神攻╳敏感純情美男受：明明是優性Alpha卻討厭Omega？明明是劣性Omega卻偽裝成Beta？
※特邀人氣繪師Mae繪製全新封面──希望你生命中的每一刻，都有我陪伴在左右。
※隨書附贈課後時光限動霧透卡。
  人氣ABO韓漫原著小說深情上市！
五年後，絲毫沒有褪色的感情──
情愫暗藏的青梅竹馬，不敢表明的悸動……
    內容簡介
  自李潤雨有記憶以來，每一刻都有崔泰謙的身影。
泰謙剛分化成優性Alpha的那陣子，
經常遭到Omega騷擾，更因此厭惡Omega，
這時，潤雨成為了泰謙唯一的避風港。
「……幸好，我不是Omega。」
潤雨對此一直深感幸運，
因為自己是Beta，所以能待在泰謙身邊……
但也開始苦惱，作為「朋友」不該擁有這份心意。
然而，在那年冬天，他卻分化成了Omega！
在那之後，沒有潤雨陪伴的生活已經五年了，
泰謙積極參與校園活動，只期盼能遇見對方，
終於有一天，他們在酒館重逢了！
總是以「朋友」為藉口，表達著超乎朋友的關心，
深藏於心的情感，還能再被壓抑下去嗎？
 ",限制級,21*14.8*1.9,https://www.kingstone.com.tw/basic/2018620148086/?lid=book_class2_bestseller_RA
人類幼崽廢土苟活攻略3【含預購贈品】,https://cdn.kingstone.com.tw/book/images/product/20185/2018563633816/2018563633816b.jpg?v=d5f63,284,"【內文橫排】
封琛：「你在不安什麼？難道還擔心我把你扔了？」
顏布布：「我不擔心，我知道你不會扔掉我，我只是不想你身旁出現另外的人。我只要你和我，還有薩薩卡和比努努。」

★晉江好評不斷哨嚮文，竹馬不相離
#九年後 #末日危機 #中央城 #老友記 #埃哈特哨嚮學院

★晉江好評不斷哨嚮文，竹馬不相離
年輕的哨兵和嚮導即將展開全新冒險旅程~
顏布布：「我好像有點開始喜歡這個學院了。」
封琛臉上露出似笑非笑的神情，「因為可以穿軍裝？」
「對，因為可以穿軍裝，我可太喜歡看你穿軍裝了。」

★封琛：「你為什麼讓獅子叫薩薩卡？牠和比努努不是老在打架嗎？」
顏布布：「對啊，他們就老是在打架啊，所以獅子才得叫薩薩卡啊。」

★隨書好禮大方送：
第一重：封面有燙金作者手寫金句
第二重：隨書附錄人氣繪師透明Tomei精心繪製的彩頁海報
第三重：隨書附贈精美留言卡
第四重：特別收錄作者獨家訪談第二彈，暢談創作源起

★預購限量好禮：
PVC印簽透卡
尺寸：5.4 x 8.5cm
──我只要你和我，還有薩薩卡和比努努
角色透卡上有作者手寫金句，限量珍藏！
（數量有限，送完為止）

封琛帶著被喪屍咬到而陷入昏迷的顏布布，留在即將迎來極寒氣候的海雲城裡。
眼見顏布布身上的喪屍病毒漸漸擴散，又正巧來到他的七歲生日，封琛帶著他跑到廢棄的遊輪上，想實現布布的生日願望──兩人一起在船上看星星，雖然磅礡大雨讓天空什麼也看不見……
正當封琛抱著顏布布絕望痛哭時，忽然從角落裡出現一個全身漆黑的比努努。這世界上大概只有一個人會拿卡通角色來當自己的量子獸吧？
封琛滿腹疑惑地低頭往懷中看去，這一刻他連呼吸都忘記了……

從此，兩個小朋友和他們獨特的量子獸，守著被大雪籠罩、空無一人的海雲城，相互依偎生活了九年，直到陌生的旅人前來借宿，才打破了這寧靜。
封琛聽到中央城仍喪屍病毒肆虐，疫苗尚未問世，但當年他明明已親手將密碼盒交給林奮了，為何多年過去喪屍危機仍沒解除？
兩人決定動身前往中央城一探究竟……

「我們去中心城待多久？什麼時候回來？」顏布布遙遙望著海雲城問。
封琛沉默片刻後，道：「我也不知道。」
「這是我們兩個人的海，是我們兩個人的海雲城。」顏布布低聲道。
封琛：「我們兩個人的海一直都在這兒，海雲城也在這兒，只要想回來，隨時都可以。」

＝延伸閱讀＝
愛生活◆愛閱讀◆愛創作
更多精采活動與新書訊息請關注：
愛呦文創粉絲團：https://www.facebook.com/iyao.book/",普通級,21*14.6*1.8,https://www.kingstone.com.tw/basic/2018563633816/?lid=book_class2_bestseller_RA
未必故意的戀愛史上部2,https://cdn.kingstone.com.tw/book/images/product/20186/2018620150577/2018620150577b.jpg?v=019a4,277,"◎人氣韓耽續集登場～～韓國RIDIBOOKS評價高達4.7顆星！改編漫畫、廣播劇好評不斷👍
◎特邀知名繪師吉茶繪製精美封面！占有欲滿點，我的人只有我能使喚🚫
◎酒醉必備！臉紅心跳的經典場面(*´艸`*)
仁涉清醒時，出現在他眼前的竟是偶然歐爸的八塊腹肌？！
◎更多回憶揭曉，兩人過去究竟有何糾葛？
◎隨書附贈拍立得卡，對你的喜歡在一次次相視中加深💕
  韓國RIDIBOOKS評分4.7⭐浪漫愛情喜劇續集登場💞
腹黑偏執超人氣演員╳正直單純菜鳥經紀人
電視劇開拍！片場危機四伏？！
就算遭遇危險的人是你，我也會挺身保護。
崔仁涉待在李偶然的身邊已經滿一個月，
經紀人的工作也漸漸步入正軌，
與此同時，迎來了「崔仁涉」的生日，
金代表特別替他準備了一場驚喜生日派對，
但崔仁涉想到自己別有居心，覺得非常愧疚，
因此狠下心要求代表別再這麼做，冷著臉轉身就走。
崔仁涉強忍著眼眶中打轉的淚水跑到天臺，
想起獻上祝福的代表和同事，他真的很感動，
由衷希望有一天能跟大家好好相處、成為朋友，
然而，他是個騙子，根本沒資格接受大家的溫柔。
派對後，李偶然看著爛醉如泥的經紀人抱住他的腿、
流淚呼喚「珍妮」的樣子，讓他有些煩躁，
他拿起對方的手機準備打給那個女人，
卻意外發現仁涉的通話記錄只有工作相關的號碼，
查看著這不正常的手機，李偶然的嘴角逐漸上揚──
崔仁涉的人生，就好似只圍繞著他一個人打轉。",普通級,21*14.8*1.6,https://www.kingstone.com.tw/basic/2018620150577/?lid=book_class2_bestseller_RA
在水面行走3,https://cdn.kingstone.com.tw/book/images/product/20186/2018620151529/2018620151529b.jpg?v=8a422,316,"◎韓國RIDIBOOKS 4.7顆星好評推薦！還曾改編為同名網路漫畫、廣播劇，討論度依舊熱烈！
◎特邀人氣繪師Kanapy繪製全新封面，扶後頸，抓領帶，深情對望……無法抗拒的魅惑氛圍～～
◎接受性取向的轉變，讓「同志色情片演員」不再是能夠輕易拋下的經歷，或許還會越陷越深……
◎身分暴露之後，終於點燃深埋在兩人之間的未爆彈──龐大債務和色情片事業，甚至是……他們不曾設想過的問題？
◎隨書附贈沉醉不醒藏書票。

榮獲韓國2019年RIDI BL小說作者大賞！4.7顆星好評推薦☆
性慾旺盛事業型CEO╳不善言辭禁慾系直男
著迷、淪陷、纏綿，他們和普通人一樣相戀，
只要故事的起點，不是同志色情片……


「我們別讓彼此……心裡留下疙瘩吧。」
所有的錯誤，似乎都是因那部《轉移錄》而起，
偏離原始劇情的內容就像在昭告世界：
艾德‧塔爾伯特喜歡男人。
他愛麥昆，卻為了自尊心不願直面現實，
無論是在色情片裡興奮喘息的自己，
還是默認將兩人的感情暴露在鏡頭前的麥昆。
但是，紙永遠包不住火，
麥昆的另一重身分突然被曝光──
從未露面的傑出劇作家，竟是同志色情片製作人。
聳動的新聞標題吸引了無數觀眾，
艾德也徹底被攤開在大眾面前，供人審視……
這場意外，瞬間瓦解了艾德和麥昆謹慎維持的表面平和，
可對於總是選擇逃避的他們來說，
又何嘗不是一種轉機？",限制級,21*14.8*2,https://www.kingstone.com.tw/basic/2018620151529/?lid=book_class2_bestseller_RA
12月3完,https://cdn.kingstone.com.tw/book/images/product/20186/2018620146082/2018620146082b.jpg?v=c2456,298,"從趙勝君手中死裡逃生後，
逐漸傷癒的延宇看似回歸日常生活，
但被綁架的陰影始終在他的心裡揮之不去。
幸好還有金信一直陪伴在他的身邊，
「身體力行」表達滿腔愛意，給予他需要的力量。
就在一切看似雨過天晴之際，
跳出來阻止這段感情的人居然是──延宇的父親？
面對金信不睦的家庭、對延宇異常的執著，
讓延宇父親不禁擔心起兩人交往之後的未來。
所謂的「覺醒」，
桎梏的不僅僅是Omega，還有Alpha的身與心，
那是刻印入心、至死方休的愛戀。
更何況金信身上還有一個未曾對延宇坦白的「祕密」……
本書收錄番外〈3月〉──
攜手跨越許多難關，兩人終於迎來標記的那一天！
  本書特色
  ◎大勢ABO韓耽《12月》喜迎甜蜜最終回～～曾經他隻身面對世上的殘酷與不公，幸而冥冥中巧遇緣分，在那人執著的等待、深情的目光中重新拾回愛人的勇氣！
  ◎戰勝過往黑暗，即將幸福之際卻遭家長反對？沒關係，小情侶越愛越勇，既然不能常常見面，那就把握每次相處的機會，在彼此身上留下專屬味道！
  ◎特別收錄火辣辣的番外篇(*´∀`)~♥ 愛你寵你更想標記你～～面對覺醒Alpha的強勢進攻，延宇學長請保重身體嘿！
  ◎特邀人氣繪師日出的小太陽繪製封面──激情名場面再現！幽暗密室裡火辣交纏、動情擁吻，金信對延宇學長藏不住的渴望就快要衝破畫面啦！
  ◎小編偷偷說繁中版同名實體漫畫緊鑼密鼓準備中，敬請期待！（詳細消息請靜待粉專公布）
  ◎隨書附贈一觸即發限動霧透卡。
  高人氣ABO韓漫原作小說　幸福終局！
覺醒系極優Alpha年下攻╳溫柔堅毅Omega學長受
  本能的吸引，成就命運的羈絆，
只要那個人是你，這份愛永遠不會衰減也不會消失。
 ",限制級,21*14.8*1.7,https://www.kingstone.com.tw/basic/2018620146082/?lid=book_class2_bestseller_RA
偽裝學渣橫排 (下),https://cdn.kingstone.com.tw/book/images/product/20185/2018562681979/2018562681979b.jpg,323,"賀朝、謝俞，兩位明明智力超群、聰明好學卻拚命偽裝成讓師長頭疼的「問題兒童」，到底是為何原因？
兩個活寶機緣巧合成為同班同桌後，打打鬧鬧卻滋生出不一樣的感情，越了解就愛越多，
原來心底的徬徨無助卻有可以溫暖治癒的妙方。",普通級,25開15*21cm,https://www.kingstone.com.tw/basic/2018562681979/?lid=book_class2_bestseller_RA
海洋之戀（上下冊套書，泰國天后Mame同名耽美網劇原著小說，作者手繪印簽限量特典贈品版）,https://cdn.kingstone.com.tw/book/images/product/20186/2018680023989/2018680023989b.jpg?v=23185,630,"【春光‧南風系】
情不知所起，一往而深。尋著心之所向，乘著拂曉清風，流往剎那即永恆之境。
 ★首刷限量作者手繪印簽頁＋《海洋之戀》影視書衣＋劇照人物卡三張★
 ——✴✴✴——
風靡亞洲超夯泰劇《與愛同居》《不期而愛》《愛在空氣中》
耽美天后作者Mame 2024年艷夏熱戀力打！同名改編戲劇《海洋之戀》於愛奇藝國際版熱播！
《愛在空氣中》當紅男神Fort、Peat領銜主演
收錄比戲劇畫面更火辣精彩細節橋段！
——✴✴✴——
 Tongrak是當紅人氣暢銷作家，才華洋溢又俊美迷人，
他的作品寫盡了美好的愛情，深受廣大書迷喜愛，
然而真實的他卻是個遊戲人間的花蝴蝶。
 當他前往海島旅遊為新作尋找靈感時，
遇上了一個帥氣陽光又令人惱火的南方小島人Mahasamut。
 Mahasamut明明是受僱過來照顧Tongrak的人，卻總是處處跟他作對；
但不可否認的，Tongrak深深被那雙明亮大膽的深邃雙眸吸引，
也難以忽視那道總是燒灼在自己身上的熱燙視線。
 在不停的試探跟來回後，兩人終究乾柴烈火地發生了關係，
一夜過後，不相信愛情的Tongrak竟就此陷入了天羅地網之中……
 ❤TongrakMahasamut
❤必愛海洋
 ——✴✴✴——
本書特色：
天雷勾動地火一發不可收拾
熱帶海洋小島風情戀曲
直球無賴狗狗攻vs傲嬌美人貓兒受
雙向奔赴救贖彼此命定CP
 ★首刷限量作者手繪印簽頁＋《海洋之戀》影視書衣＋劇照人物卡三張★",限制級,21*14.8*4,https://www.kingstone.com.tw/basic/2018680023989/?lid=book_class2_bestseller_RA
全球高考印簽版套書(1-3集＋番外別冊＋A5文件夾),https://cdn.kingstone.com.tw/book/images/product/20185/2018562016504/2018562016504b.jpg,1019,"＝番外別冊簡介＝
何其有幸【獨家番外】／14.8x21cm／32P

游惑其實記不清自己跟秦究之間，
那種說不清、道不明的曖昧究竟起始於哪一天了……

秦究說：「我在想，這個新設立的規則一直有效麼？」
「什麼意思？」
「意思就是如果我再連續違規三次，你是不是還得陪我考一場？或者說，我每違規三次，是不是都能等到你來監考？」
游惑轉過頭去。
秦究盯著游惑的眼睛看了幾秒，又笑起來說：「開個玩笑，別這麼瞪我，那換個認真的問題，下回還能跟你借菸借火麼？」

後來，考生秦究被限制重考離開系統，
再後來，系統名單上多了一個考官Gin，
但已經很久很久沒人來找他借火了……

＝小說內容簡介＝
游惑的眼睛和記憶都出了些問題，從國外養病回國後，和酒鬼舅舅老于及學渣表弟于聞意外進入一棟雪山中的獵人小屋，被通知要進行物理考試。游惑放眼望去，同場考生淨是老弱病孕孩，真是五毒俱全，開局就是送命題，游惑卻要想辦法帶著所有人躺贏，結果不斷違規，要由監考官001秦究對他進行貼身監考……

第二場外語考試，隊友中有精通多國語言的外國人，以為穩贏了，結果考試題目是吉普賽語，甚至還牽扯到巫毒娃娃的詛咒。在恐怖懸疑的氣氛中，秦究遇見似乎認識自己的考場NPC。最後因嚴重違規，秦究成了和游惑綁定的考生，跟他一起參加下一場歷史考試，要在荒島上幫助擱淺的荷蘭船長一行人順利返航，島上有神出鬼沒的吃人海怪，還有躲在冰層下的神祕白臉怪，同時系統推出了新的考試制度。

但強強聯手沒在怕，勢必要把考場攪得天翻地覆……

本書特色

【特裝套書】
內含1-3集小說+番外別冊+A5文件夾（多款隨機）

★印簽版為每冊皆附雙面燙金印簽書衣
配合故事情節採雙面設計，考場懸疑風格；正反兩面皆印有燙金或燙銀的作者簽名

★附作者為繁體版全新加寫的番外別冊
內附8000字獨家番外，及5頁空白筆記頁，可記錄閱讀心得或摘錄書中金句

★每冊隨書好禮大方送：
第一重：隨書贈送精美留言卡
第二重：隨書加碼送「好學生獎勵卡」藏書票（3張，須自行裁切）
第三重：作者獨冢專訪，創作花絮大公開",普通級,21*14.8,https://www.kingstone.com.tw/basic/2018562016504/?lid=book_class2_bestseller_RA
紙片戀人(上)(限),https://cdn.kingstone.com.tw/book/images/product/20185/2018563654392/2018563654392b.jpg?v=2baf0,332,"男頻大神作者栗說星的手機裡憑空多出一款戀愛養成APP。
遊戲規則要求他與裡面的虛擬人物「宿鳴謙」互動，增加他的戀愛值從而解鎖更多功能。
栗說星很快經歷了氪金玩家的人間真實。

階段一：「垃圾遊戲，休想騙氪。」
階段二：「一塊錢禮包買不了吃虧買不了上當。」
階段三：「再氪一次就收手。」
階段四：「別攔著我，為了崽，我願意氪盡全世界！」
……
階段N：「每多一萬票，加更一萬字；月票可以輸，燃王必須贏！」",限制級,25開15*21cm,https://www.kingstone.com.tw/basic/2018563654392/?lid=book_class2_bestseller_RA
紙片戀人(中)(限),https://cdn.kingstone.com.tw/book/images/product/20185/2018563654422/2018563654422b.jpg?v=48cc5,332,"男頻大神作者栗說星的手機裡憑空多出一款戀愛養成APP。
遊戲規則要求他與裡面的虛擬人物「宿鳴謙」互動，增加他的戀愛值從而解鎖更多功能。
栗說星很快經歷了氪金玩家的人間真實。

階段一：「垃圾遊戲，休想騙氪。」
階段二：「一塊錢禮包買不了吃虧買不了上當。」
階段三：「再氪一次就收手。」
階段四：「別攔著我，為了崽，我願意氪盡全世界！」
……
階段N：「每多一萬票，加更一萬字；月票可以輸，燃王必須贏！」",限制級,25開15*21cm,https://www.kingstone.com.tw/basic/2018563654422/?lid=book_class2_bestseller_RA
紙片戀人(下)(限),https://cdn.kingstone.com.tw/book/images/product/20185/2018563654552/2018563654552b.jpg?v=c9617,332,"男頻大神作者栗說星的手機裡憑空多出一款戀愛養成APP。
遊戲規則要求他與裡面的虛擬人物「宿鳴謙」互動，增加他的戀愛值從而解鎖更多功能。
栗說星很快經歷了氪金玩家的人間真實。

階段一：「垃圾遊戲，休想騙氪。」
階段二：「一塊錢禮包買不了吃虧買不了上當。」
階段三：「再氪一次就收手。」
階段四：「別攔著我，為了崽，我願意氪盡全世界！」
……
階段N：「每多一萬票，加更一萬字；月票可以輸，燃王必須贏！」",限制級,25開15*21cm,https://www.kingstone.com.tw/basic/2018563654552/?lid=book_class2_bestseller_RA
魔道祖師三（新裝版）《陳情令》原著小說,https://cdn.kingstone.com.tw/book/images/product/20185/2018561714159/2018561714159b.jpg,281,"蓮花塢被滅後，存活下來的兩個少年，
一個慘遭化丹，一個則被丟下夷陵的亂葬崗。
可岐山溫氏並沒能繼續猖狂太久，
少年之一以江氏家主的身分，
聯合金、聶、藍三家展開了射日之征；
而另一名少年，則以魔道之姿回歸，加入復仇的行列。

過去已成回憶，對魏無羨與藍忘機而言，
眼下更要緊的，是揭開赤鋒尊死因的真相，
並讓藍氏家主藍曦臣明白金光瑤私底下的陰毒手段。

然而與此同時，
在眾人已確定夷陵老祖重歸於世後，
第二次的亂葬崗圍剿，恐怕已是迫在眉睫……

本書特色
  墨香銅臭年度最具話題性的超強人氣之作！
第一季動畫超過27億次點擊量！
熱播網劇《陳情令》原著小說！影視60億次點擊量！",普通級,21*14.8,https://www.kingstone.com.tw/basic/2018561714159/?lid=book_class2_bestseller_RA
魔道祖師一（新裝版）《陳情令》原著小說,https://cdn.kingstone.com.tw/book/images/product/20185/2018561713947/2018561713947b.jpg,281,"夷陵老祖魏無羨，死於亂葬崗大圍剿。
他是人人喊打的魔頭，眾人都罵他叛出師門、喪心病狂，
他的死亡帶來了無數的歡欣鼓舞。

十幾年過去，魏無羨自認再沒有比他更安分的孤魂野鬼了，
可竟有人透過獻舍，召喚他上身，讓他再度重活於世！
換了一具肉身的魏無羨意圖隱瞞身分，
誰承想卻陰錯陽差地被姑蘇藍氏的藍忘機給帶回了藍府。

生前的魏無羨為魔道祖師，本以為死無全屍已是他的結局，
可此番意外重生後，卻得再次面對當初圍剿他的各大仙門世家。
更棘手的是，向來嚴肅古板的藍忘機如今卻硬是留住自己，
任他撒潑調戲、夜半爬床也依舊面不改色，平靜以對。
這人稱含光君的世家仙首藍忘機，究竟意欲如何？
而自己，又待如何？

本書特色
  墨香銅臭年度最具話題性的超強人氣之作！
第一季動畫超過27億次點擊量！
熱播網劇《陳情令》原著小說！影視60億次點擊量！",普通級,21*14.8,https://www.kingstone.com.tw/basic/2018561713947/?lid=book_class2_bestseller_RA
魔道祖師二（新裝版）《陳情令》原著小說,https://cdn.kingstone.com.tw/book/images/product/20185/2018561714029/2018561714029b.jpg,281,"趁藍忘機與薛洋纏鬥之際，
魏無羨帶著一群世家少年們，
跟隨著盲眼無舌的少女陰魂所發出的竹竿敲地聲一路前行，
孰料他們所見到的，竟是曉星塵的屍身！

「明月清風曉星塵，傲雪凌霜宋子琛。」
圍繞在薛洋、曉星塵與宋嵐之間的，是一場令人唏噓的悲劇。
魏無羨透過「共情」讓少女亡靈上身，
由此觀看到義城裡那一幕幕已無可挽回的悲慘過往。
可此趟義城之行，雖瞭解了過去，卻也新添了疑問。
那名曾偷挖屍體，現又劫走薛洋的掘墓人，究竟是誰？
而那個大費周章引他們去義城之人，又是何居心？

然而更讓眾人感到震撼的是，
在魏無羨和藍忘機努力搜查並集齊了四肢與軀幹後，
無頭屍體「好兄弟」的真實身分，已然呼之欲出……

本書特色
  墨香銅臭年度最具話題性的超強人氣之作！
第一季動畫超過27億次點擊量！
熱播網劇《陳情令》原著小說！影視60億次點擊量！",普通級,21*14.8,https://www.kingstone.com.tw/basic/2018561714029/?lid=book_class2_bestseller_RA
男神，請對我溫柔一點（5）（限）（完）,https://cdn.kingstone.com.tw/book/images/product/20185/2018563654682/2018563654682b.jpg?v=b2223,284,"二十歲，急速竄紅的高顏值新生代偶像安紀宇其實是個骨灰級網遊高手，而在一款熱門新手遊中，他有了一個新隊友——一個名叫「大白兔奶糖真好吃」的「萌妹子」。

十八歲，身為苦逼高三黨的趙彬，藉著遊戲釋放學業壓力，卻不知相處一年極度合拍的隊友是個大明星。

終於兩人相約在週末面基。

本著向安紀宇解釋清楚自己不是女生而去赴約的趙彬，卻親眼目睹自己被一個女孩「冒名頂替」了……",限制級,25開15*21cm,https://www.kingstone.com.tw/basic/2018563654682/?lid=book_class2_bestseller_RA
男神，請對我溫柔一點（4）（限）,https://cdn.kingstone.com.tw/book/images/product/20185/2018563654712/2018563654712b.jpg?v=562dd,284,"二十歲，急速竄紅的高顏值新生代偶像安紀宇其實是個骨灰級網遊高手，而在一款熱門新手遊中，他有了一個新隊友——一個名叫「大白兔奶糖真好吃」的「萌妹子」。

十八歲，身為苦逼高三黨的趙彬，藉著遊戲釋放學業壓力，卻不知相處一年極度合拍的隊友是個大明星。

終於兩人相約在週末面基。

本著向安紀宇解釋清楚自己不是女生而去赴約的趙彬，卻親眼目睹自己被一個女孩「冒名頂替」了……",限制級,25開15*21cm,https://www.kingstone.com.tw/basic/2018563654712/?lid=book_class2_bestseller_RA
男神，請對我溫柔一點（3）（限）,https://cdn.kingstone.com.tw/book/images/product/20185/2018563654842/2018563654842b.jpg?v=848ef,284,"二十歲，急速竄紅的高顏值新生代偶像安紀宇其實是個骨灰級網遊高手，而在一款熱門新手遊中，他有了一個新隊友——一個名叫「大白兔奶糖真好吃」的「萌妹子」。

十八歲，身為苦逼高三黨的趙彬，藉著遊戲釋放學業壓力，卻不知相處一年極度合拍的隊友是個大明星。

終於兩人相約在週末面基。

本著向安紀宇解釋清楚自己不是女生而去赴約的趙彬，卻親眼目睹自己被一個女孩「冒名頂替」了……",限制級,25開15*21cm,https://www.kingstone.com.tw/basic/2018563654842/?lid=book_class2_bestseller_RA
未必故意的戀愛史上部2,https://cdn.kingstone.com.tw/book/images/product/20186/2018620150577/2018620150577b.jpg?v=019a4,277,"◎人氣韓耽續集登場～～韓國RIDIBOOKS評價高達4.7顆星！改編漫畫、廣播劇好評不斷👍
◎特邀知名繪師吉茶繪製精美封面！占有欲滿點，我的人只有我能使喚🚫
◎酒醉必備！臉紅心跳的經典場面(*´艸`*)
仁涉清醒時，出現在他眼前的竟是偶然歐爸的八塊腹肌？！
◎更多回憶揭曉，兩人過去究竟有何糾葛？
◎隨書附贈拍立得卡，對你的喜歡在一次次相視中加深💕
  韓國RIDIBOOKS評分4.7⭐浪漫愛情喜劇續集登場💞
腹黑偏執超人氣演員╳正直單純菜鳥經紀人
電視劇開拍！片場危機四伏？！
就算遭遇危險的人是你，我也會挺身保護。
崔仁涉待在李偶然的身邊已經滿一個月，
經紀人的工作也漸漸步入正軌，
與此同時，迎來了「崔仁涉」的生日，
金代表特別替他準備了一場驚喜生日派對，
但崔仁涉想到自己別有居心，覺得非常愧疚，
因此狠下心要求代表別再這麼做，冷著臉轉身就走。
崔仁涉強忍著眼眶中打轉的淚水跑到天臺，
想起獻上祝福的代表和同事，他真的很感動，
由衷希望有一天能跟大家好好相處、成為朋友，
然而，他是個騙子，根本沒資格接受大家的溫柔。
派對後，李偶然看著爛醉如泥的經紀人抱住他的腿、
流淚呼喚「珍妮」的樣子，讓他有些煩躁，
他拿起對方的手機準備打給那個女人，
卻意外發現仁涉的通話記錄只有工作相關的號碼，
查看著這不正常的手機，李偶然的嘴角逐漸上揚──
崔仁涉的人生，就好似只圍繞著他一個人打轉。",普通級,21*14.8*1.6,https://www.kingstone.com.tw/basic/2018620150577/?lid=book_normal_ra&actid=book_normal_ra
在水面行走3,https://cdn.kingstone.com.tw/book/images/product/20186/2018620151529/2018620151529b.jpg?v=8a422,316,"◎韓國RIDIBOOKS 4.7顆星好評推薦！還曾改編為同名網路漫畫、廣播劇，討論度依舊熱烈！
◎特邀人氣繪師Kanapy繪製全新封面，扶後頸，抓領帶，深情對望……無法抗拒的魅惑氛圍～～
◎接受性取向的轉變，讓「同志色情片演員」不再是能夠輕易拋下的經歷，或許還會越陷越深……
◎身分暴露之後，終於點燃深埋在兩人之間的未爆彈──龐大債務和色情片事業，甚至是……他們不曾設想過的問題？
◎隨書附贈沉醉不醒藏書票。

榮獲韓國2019年RIDI BL小說作者大賞！4.7顆星好評推薦☆
性慾旺盛事業型CEO╳不善言辭禁慾系直男
著迷、淪陷、纏綿，他們和普通人一樣相戀，
只要故事的起點，不是同志色情片……


「我們別讓彼此……心裡留下疙瘩吧。」
所有的錯誤，似乎都是因那部《轉移錄》而起，
偏離原始劇情的內容就像在昭告世界：
艾德‧塔爾伯特喜歡男人。
他愛麥昆，卻為了自尊心不願直面現實，
無論是在色情片裡興奮喘息的自己，
還是默認將兩人的感情暴露在鏡頭前的麥昆。
但是，紙永遠包不住火，
麥昆的另一重身分突然被曝光──
從未露面的傑出劇作家，竟是同志色情片製作人。
聳動的新聞標題吸引了無數觀眾，
艾德也徹底被攤開在大眾面前，供人審視……
這場意外，瞬間瓦解了艾德和麥昆謹慎維持的表面平和，
可對於總是選擇逃避的他們來說，
又何嘗不是一種轉機？",限制級,21*14.8*2,https://www.kingstone.com.tw/basic/2018620151529/?lid=book_normal_ra&actid=book_normal_ra
萬有引力7（完）【印簽特裝組】,https://cdn.kingstone.com.tw/book/images/product/20185/2018563627167/2018563627167b.jpg?v=c278b,616,"【內文橫排】
「我們去有一萬畝蘋果林的地方，去摘很多很多蘋果，好嗎？」
世界是讓人挪不開眼的花花世界，人是讓人捨不得放開的摯愛之人。這就夠了

★收錄三篇共2.5萬字誠意滿滿的繁中版獨家番外別冊《好風相隨》，兩篇肉番及一篇整年份南舟所寫的日記，更多精采內容，不容錯過！

★浩瀚宇宙中，渺小如螞蟻的地球玩家們正努力伸長觸角，彼此傳遞，努力傳遞著一點獲勝的希望……
立方舟與高維人的博奕即將進入牽動千萬人命運的最終回，誰能成為最後贏家？

★這世界的許多故事，幾多複雜，也幾多絢爛……
收錄5篇共1.8萬字正文番外，屬於他們的故事還未完待續

★隨書好禮大方送：
第一重：隨書贈送精美留言卡
第二重：完整收錄五篇正文番外
第三重：作者後記，這也是一個和不可抗力對抗的故事

★預購限量好禮：
「蘋果樹下」印簽透卡
尺寸：5.4x8.5cm
PVC透卡上印有作者簽名，限量珍藏
（數量有限，送完為止）


萬有引力7【印簽特裝組】╱小說+獨家番外別冊《好風相隨》+「引力款」印簽霧面PVC書衣+搖搖樂印簽壓克力吊飾（附珠鍊）

=商品簡介=
「引力款」印簽霧面PVC書衣
14.8 x21cm╱霧面PVC╱局部燙銀╱背面上局部白墨

──萬物之間皆有引力，所以我遇見你
利用PVC的特性，書衣正面露出完整封面圖，上面有燙銀的作者手寫金句和簽名。背面則以「萬有引力」為設計概念，在萬有引力的公式下，有受引力牽引的撲克牌、被蘋果吸引的蜜袋鼬、把玩家捲入殘酷的遊戲世界……等。兩側折口則以蘋果樹裝飾，搭配書衣呈現兩種不同風格的封面設計。

「世間萬物皆有引力」搖搖樂印簽壓克力吊飾
規格：9x7cm╱0.2cm透明壓克力╱中間夾層0.3cm無注油╱外框上層單面圖、下層雙面不同圖╱下層背面有作者手寫金句╱兩個小內片皆雙面同圖╱保護膜請自行撕除╱附珠鍊

──他們必將相遇，就是這個宇宙的終極法則
江舫實現了帶南舟在蘋果林中摘蘋果的願望，兩人的世界一切正好，包括每一個已經到來，和行將到來的日子。搖一搖，有一顆紅蘋果及抱著蘋果的南極星在兩人中間滑動。背面有作者手寫金句及印簽，完美收藏。

【備註】
1. 特裝組預購送的PVC印簽書衣，會直接包書後包收縮膜
2. 特裝組附錄的繁中版獨家番外《好風相隨》不裝盒，會跟書包收縮膜
3. 預購贈品數量有限，送完為止，預購結束後所出貨的商品就不再附贈
4. 商品示意圖僅供參考，實際印刷顏色及效果請以實品為準，謝謝
5. 搖搖樂壓克力吊飾所附的珠鍊，可更換成自行準備的掛鍊
6. 贈品白盒僅為方便商品包裝之用，若運送過程產生些微碰撞或壓痕均屬正常現象，贈品盒恕無法退換，謝謝


=番外別冊簡介=
《好風相隨》番外別冊╱14.8 x21cm╱橫排左翻╱56頁╱騎馬釘

江為舟天地
舫繫南湖中
兩隻船，就這樣一直泊在這裡，相偎相依，也不差

【番外一】幻中之真（正文擴寫╱肉番）
江舫與南舟在看一部描述聖子與惡魔相戀的電影時……
江舫鬆開了扶住南舟後腦的手，「你呢？這些天，你有沒有一點，喜歡上我……？」
「喜歡，是喜歡的。」南舟認真宣布：「但是，我還是要欺負你了。」

【番外二】南舟日記
關於南舟來到這個世界的第一年，整年份的日記……
這是一個普通的週日，和以往的和未來的某個週日，並沒有什麼不同。
但我還是想記下來。

【番外三】魚水情歌（肉番）
易水歌和謝相玉的緣分就此展開……
「這會兒專心點兒，別想著做別的。」
易水歌埋下頭來，溫和地注視著謝相玉，「以後，我們來日方長呢。」


=小說簡介=

立方舟小隊背負所有玩家的希望，迎來《萬有引力》的最終局【螞蟻列車】，在這個單人副本裡，五人被拆散進行不同類型的遊戲。

南舟發現自己進入一個類似套娃的沙盒世界，必須在一個套一個的世界裡尋找離開的「車票」。困難的是，每個世界都有個性不同的「南舟」與「江舫」，為了保護對方而成為南舟尋找車票的絆腳石。以及，穿梭不同世界時都找不到外形或名稱叫車票的東西，南舟這隻小螞蟻，必須在重重謎團中，找出遊戲規則及破關的辦法……

好不容易打破迷障，通關沙盒世界後，南舟來到一處詭異的月臺等待其他隊友歸隊。月臺旁停了一輛血跡斑斑的老舊火車，但車廂內的慘狀卻在第二位隊員出現後消失不見，而且令人擔憂的是，火車即將發車了還遲遲不見江舫的身影，立方舟有辦法全員安全通關，進入許願環節，帶領人類結束這該死的遊戲嗎？

江舫：「要學的東西有很多呢。」
南舟：「我很好學的。」
江舫笑了：「這倒是。」
江舫又問：「你想先學什麼？」
南舟：「你教我什麼，我就學什麼。」
江舫英華熠熠的眸光中，倒映著一個南舟，「不然，先學著吻我吧。」

＝延伸閱讀＝
愛生活◆愛閱讀◆愛創作
更多精采活動與新書訊息請關注：
愛呦文創粉絲團：https://www.facebook.com/iyao.book/",限制級,21*14.6*2,https://www.kingstone.com.tw/basic/2018563627167/?lid=book_normal_ra&actid=book_normal_ra
路人角色沒有戀愛戲分(全),https://cdn.kingstone.com.tw/book/images/product/20185/2018563596173/2018563596173b.jpg?v=c130d,221,"★新生代暢銷作家草子信、高人氣繪師阿蟬聯手鉅獻！
★神祕實力派男神×佛系呆萌龍套君，令人心跳失速的蜜戀陷阱！
★【首刷限定贈禮】作者簽名明信片、Q萌可愛PVC書籤卡、KadoKado讀角券3張（首刷售完即無贈品）
★單行本限定收錄──肉香四溢全新番外
 你該不會是故意利用我……跟男性傳緋聞吧？
 路人臨演柳永皓，突然被當紅演員林冠辰搭訕。
兩人明明毫無交集，也從來不曾交談，
林冠辰卻主動靠近，讓柳永皓不知所措。
 直到林冠辰突然現身，解救被騷擾的柳永皓，
柳永皓才明白大演員的熱絡，其實是有求於人。
只是柳永皓沒想到，林冠辰會提出這樣的要求──
「你願意扮演我的戀人嗎？」
 林冠辰的溫柔寵溺，
一點一點點深入他的生活，進駐他的心，
柳永皓彷彿落入精心準備的圈套，
讓他無法對男人無動於衷。
 然而，聚集在柳永皓身上的目光，
卻令多年前的惡夢，再度找上門來……",限制級,21*14.7*1.4,https://www.kingstone.com.tw/basic/2018563596173/?lid=book_normal_ra&actid=book_normal_ra
臣好柔弱啊【上＋中＋下】(3冊合售),https://cdn.kingstone.com.tw/book/images/product/20185/2018563595541/2018563595541b.jpg?v=21f0a,901,"★面冷心軟帝王攻Ｘ外白內黑丞相受
★重生穿越雙重Buff疊加，錯亂的結局即將回歸正軌！
★重活一世，該發生的事還是發生了，但人……似乎不是同一位!?
★獨家收錄繁體中文版限定全新番外篇〈雪中春〉！
★晉江文學城搞笑甜文作者，88億積分超人氣作品！

【首刷限定】
套書版獨家萬用夾收藏夾
寄語印簽明信片X３
（※首刷售完即無贈品）
 裝瘋賣傻只是緩兵之計，想要活命，還是要摸清聖心！
 承化十五年，寧琛死了。王朝建立以來最年輕的左相，權傾朝野、心狠手辣、結黨營私、謀害忠良，最終被射死於金鑾殿前，萬箭穿心。
寧琛死後的當晚，帝王李無廷重生回到了登基這一天。他上輩子錯信佞臣，使得其禍亂朝堂，這次，他決定把所有的禍患提前扼殺在搖籃裡。
寧如深從現代穿越到寧琛身上時，正逢新帝登基大典。肅穆的朝堂之上，李無廷步步逼近寧如深，眼底充滿殺意，寧如深作勢跌了一跤，宛如強風摧殘的小白花一樣瑟瑟發抖。
上輩子無惡不作的大奸臣竟如此柔弱，李無廷看不懂這齣戲，決定暗探虛實。另一方面，不知道怎麼得罪帝王的寧如深，想要保住一命只能步步為營……
 原著書名：《臣好柔弱啊》由北京晉江原創網路科技有限公司授權出版。
 ",普通級,21*14.7*7.6,https://www.kingstone.com.tw/basic/2018563595541/?lid=book_normal_ra&actid=book_normal_ra
海洋之戀（上下冊套書，泰國天后Mame同名耽美網劇原著小說，作者手繪印簽限量特典贈品版）,https://cdn.kingstone.com.tw/book/images/product/20186/2018680023989/2018680023989b.jpg?v=23185,630,"【春光‧南風系】
情不知所起，一往而深。尋著心之所向，乘著拂曉清風，流往剎那即永恆之境。
 ★首刷限量作者手繪印簽頁＋《海洋之戀》影視書衣＋劇照人物卡三張★
 ——✴✴✴——
風靡亞洲超夯泰劇《與愛同居》《不期而愛》《愛在空氣中》
耽美天后作者Mame 2024年艷夏熱戀力打！同名改編戲劇《海洋之戀》於愛奇藝國際版熱播！
《愛在空氣中》當紅男神Fort、Peat領銜主演
收錄比戲劇畫面更火辣精彩細節橋段！
——✴✴✴——
 Tongrak是當紅人氣暢銷作家，才華洋溢又俊美迷人，
他的作品寫盡了美好的愛情，深受廣大書迷喜愛，
然而真實的他卻是個遊戲人間的花蝴蝶。
 當他前往海島旅遊為新作尋找靈感時，
遇上了一個帥氣陽光又令人惱火的南方小島人Mahasamut。
 Mahasamut明明是受僱過來照顧Tongrak的人，卻總是處處跟他作對；
但不可否認的，Tongrak深深被那雙明亮大膽的深邃雙眸吸引，
也難以忽視那道總是燒灼在自己身上的熱燙視線。
 在不停的試探跟來回後，兩人終究乾柴烈火地發生了關係，
一夜過後，不相信愛情的Tongrak竟就此陷入了天羅地網之中……
 ❤TongrakMahasamut
❤必愛海洋
 ——✴✴✴——
本書特色：
天雷勾動地火一發不可收拾
熱帶海洋小島風情戀曲
直球無賴狗狗攻vs傲嬌美人貓兒受
雙向奔赴救贖彼此命定CP
 ★首刷限量作者手繪印簽頁＋《海洋之戀》影視書衣＋劇照人物卡三張★",限制級,21*14.8*4,https://www.kingstone.com.tw/basic/2018680023989/?lid=book_normal_ra&actid=book_normal_ra
Omega Complex1(Omega心結),https://cdn.kingstone.com.tw/book/images/product/20186/2018620148086/2018620148086b.jpg?v=f1028,298,"商品特色
  ※✨韓國RIDIBOOKS 4.6顆星好評推薦✨知名作者Oneulbom老師首部小說，繁體中文版撩慾登場！
※執著企管男神攻╳敏感純情美男受：明明是優性Alpha卻討厭Omega？明明是劣性Omega卻偽裝成Beta？
※特邀人氣繪師Mae繪製全新封面──希望你生命中的每一刻，都有我陪伴在左右。
※隨書附贈課後時光限動霧透卡。
  人氣ABO韓漫原著小說深情上市！
五年後，絲毫沒有褪色的感情──
情愫暗藏的青梅竹馬，不敢表明的悸動……
    內容簡介
  自李潤雨有記憶以來，每一刻都有崔泰謙的身影。
泰謙剛分化成優性Alpha的那陣子，
經常遭到Omega騷擾，更因此厭惡Omega，
這時，潤雨成為了泰謙唯一的避風港。
「……幸好，我不是Omega。」
潤雨對此一直深感幸運，
因為自己是Beta，所以能待在泰謙身邊……
但也開始苦惱，作為「朋友」不該擁有這份心意。
然而，在那年冬天，他卻分化成了Omega！
在那之後，沒有潤雨陪伴的生活已經五年了，
泰謙積極參與校園活動，只期盼能遇見對方，
終於有一天，他們在酒館重逢了！
總是以「朋友」為藉口，表達著超乎朋友的關心，
深藏於心的情感，還能再被壓抑下去嗎？
 ",限制級,21*14.8*1.9,https://www.kingstone.com.tw/basic/2018620148086/?lid=book_normal_ra&actid=book_normal_ra
12月3完,https://cdn.kingstone.com.tw/book/images/product/20186/2018620146082/2018620146082b.jpg?v=c2456,298,"從趙勝君手中死裡逃生後，
逐漸傷癒的延宇看似回歸日常生活，
但被綁架的陰影始終在他的心裡揮之不去。
幸好還有金信一直陪伴在他的身邊，
「身體力行」表達滿腔愛意，給予他需要的力量。
就在一切看似雨過天晴之際，
跳出來阻止這段感情的人居然是──延宇的父親？
面對金信不睦的家庭、對延宇異常的執著，
讓延宇父親不禁擔心起兩人交往之後的未來。
所謂的「覺醒」，
桎梏的不僅僅是Omega，還有Alpha的身與心，
那是刻印入心、至死方休的愛戀。
更何況金信身上還有一個未曾對延宇坦白的「祕密」……
本書收錄番外〈3月〉──
攜手跨越許多難關，兩人終於迎來標記的那一天！
  本書特色
  ◎大勢ABO韓耽《12月》喜迎甜蜜最終回～～曾經他隻身面對世上的殘酷與不公，幸而冥冥中巧遇緣分，在那人執著的等待、深情的目光中重新拾回愛人的勇氣！
  ◎戰勝過往黑暗，即將幸福之際卻遭家長反對？沒關係，小情侶越愛越勇，既然不能常常見面，那就把握每次相處的機會，在彼此身上留下專屬味道！
  ◎特別收錄火辣辣的番外篇(*´∀`)~♥ 愛你寵你更想標記你～～面對覺醒Alpha的強勢進攻，延宇學長請保重身體嘿！
  ◎特邀人氣繪師日出的小太陽繪製封面──激情名場面再現！幽暗密室裡火辣交纏、動情擁吻，金信對延宇學長藏不住的渴望就快要衝破畫面啦！
  ◎小編偷偷說繁中版同名實體漫畫緊鑼密鼓準備中，敬請期待！（詳細消息請靜待粉專公布）
  ◎隨書附贈一觸即發限動霧透卡。
  高人氣ABO韓漫原作小說　幸福終局！
覺醒系極優Alpha年下攻╳溫柔堅毅Omega學長受
  本能的吸引，成就命運的羈絆，
只要那個人是你，這份愛永遠不會衰減也不會消失。
 ",限制級,21*14.8*1.7,https://www.kingstone.com.tw/basic/2018620146082/?lid=book_normal_ra&actid=book_normal_ra
反派少爺是被白豹王子所愛的新娘轉生到BL遊戲世界強制轉職成為馭獸使(全),https://cdn.kingstone.com.tw/book/images/product/20186/2018612415530/2018612415530b.jpg?v=cafc3,216,"  ★受到咀咒的白豹王子╳穿越到遊戲的反派少爺。
    個性認真卻總是不走運的花店打工人翔，某天突然遭逢意外，轉生到自己最喜歡的BL遊戲《祕密冠尾》的世界，成為阻撓主角的「反派少爺，錫安」──!!
在遊戲裡被打入大牢、被凌辱，本來等在眼前的只有殘酷的未來……但是，在遇到一名神祕魔術師後，命運完全改變了。在被賦予的「屬性：費洛蒙」效果之下，他變成受到所有動物喜愛的體質，開始以「王宮專屬馭獸使」的身分在城堡裡工作。而且似乎是開啟了「隱藏劇情線」，故事竟然發展成受到自己轉生前最推的角色「第一王子，馬提亞斯」溺愛……!?儘管迷惘，他仍陪在驕傲又溫柔的王子身邊，不久後被選為新娘候選人，然而，王子身上卻藏有一亢奮就會變身白豹的祕密？
 ",限制級,32開13*19cm,https://www.kingstone.com.tw/basic/2018612415530/?lid=book_normal_ra&actid=book_normal_ra
人類幼崽廢土苟活攻略3【含預購贈品】,https://cdn.kingstone.com.tw/book/images/product/20185/2018563633816/2018563633816b.jpg?v=d5f63,284,"【內文橫排】
封琛：「你在不安什麼？難道還擔心我把你扔了？」
顏布布：「我不擔心，我知道你不會扔掉我，我只是不想你身旁出現另外的人。我只要你和我，還有薩薩卡和比努努。」

★晉江好評不斷哨嚮文，竹馬不相離
#九年後 #末日危機 #中央城 #老友記 #埃哈特哨嚮學院

★晉江好評不斷哨嚮文，竹馬不相離
年輕的哨兵和嚮導即將展開全新冒險旅程~
顏布布：「我好像有點開始喜歡這個學院了。」
封琛臉上露出似笑非笑的神情，「因為可以穿軍裝？」
「對，因為可以穿軍裝，我可太喜歡看你穿軍裝了。」

★封琛：「你為什麼讓獅子叫薩薩卡？牠和比努努不是老在打架嗎？」
顏布布：「對啊，他們就老是在打架啊，所以獅子才得叫薩薩卡啊。」

★隨書好禮大方送：
第一重：封面有燙金作者手寫金句
第二重：隨書附錄人氣繪師透明Tomei精心繪製的彩頁海報
第三重：隨書附贈精美留言卡
第四重：特別收錄作者獨家訪談第二彈，暢談創作源起

★預購限量好禮：
PVC印簽透卡
尺寸：5.4 x 8.5cm
──我只要你和我，還有薩薩卡和比努努
角色透卡上有作者手寫金句，限量珍藏！
（數量有限，送完為止）

封琛帶著被喪屍咬到而陷入昏迷的顏布布，留在即將迎來極寒氣候的海雲城裡。
眼見顏布布身上的喪屍病毒漸漸擴散，又正巧來到他的七歲生日，封琛帶著他跑到廢棄的遊輪上，想實現布布的生日願望──兩人一起在船上看星星，雖然磅礡大雨讓天空什麼也看不見……
正當封琛抱著顏布布絕望痛哭時，忽然從角落裡出現一個全身漆黑的比努努。這世界上大概只有一個人會拿卡通角色來當自己的量子獸吧？
封琛滿腹疑惑地低頭往懷中看去，這一刻他連呼吸都忘記了……

從此，兩個小朋友和他們獨特的量子獸，守著被大雪籠罩、空無一人的海雲城，相互依偎生活了九年，直到陌生的旅人前來借宿，才打破了這寧靜。
封琛聽到中央城仍喪屍病毒肆虐，疫苗尚未問世，但當年他明明已親手將密碼盒交給林奮了，為何多年過去喪屍危機仍沒解除？
兩人決定動身前往中央城一探究竟……

「我們去中心城待多久？什麼時候回來？」顏布布遙遙望著海雲城問。
封琛沉默片刻後，道：「我也不知道。」
「這是我們兩個人的海，是我們兩個人的海雲城。」顏布布低聲道。
封琛：「我們兩個人的海一直都在這兒，海雲城也在這兒，只要想回來，隨時都可以。」

＝延伸閱讀＝
愛生活◆愛閱讀◆愛創作
更多精采活動與新書訊息請關注：
愛呦文創粉絲團：https://www.facebook.com/iyao.book/",普通級,21*14.6*1.8,https://www.kingstone.com.tw/basic/2018563633816/?lid=book_normal_ra&actid=book_normal_ra
《我懷了死對頭的崽》全2冊＋限量「冤家」典藏透卡,https://cdn.kingstone.com.tw/book/images/product/20185/2018563643303/2018563643303b.jpg?v=cc195,537,"身為一個有顏有錢（啊不對，破產了）的男人，
被逼跟死對頭結婚，度蜜月還竟然做出崽了，簡直崩潰！！！

——腹黑悶騷霸總攻╳傲嬌美人少爺受——
你把我當死對頭八年，我卻暗戀你八年。
婚前火藥味嗆死周圍眾人，婚後愛情的酸甜味膩死周圍眾人？！

本書必收理由——
★配角番外＋生娃後夫夫生活＋IF線番外，完全收錄！
★實體書特別補充刺激版新婚夜，七夕生日甜蜜蜜，旗袍情趣Play
★限量【冤家】典藏透卡，贈完即止！

◎月光之城B020《我懷了死對頭的崽》上　凍感丸子
明越跟樓時景認識八年，也就把對方當眼中釘八年，
萬萬沒料到，明家一夕破產，
樓時景這個死奸商不只要併購他家公司，
還要連他一起「收購」羞辱他！
他氣得想打死樓時景，可為了明家他只能結這個婚，
唯一能堅持的就是逼樓時景簽協議，約好三年後就離婚，
偏偏一場酒醉讓兩人上了床……老實說，感覺不錯，
他打定主意把感情與肉體歡愉分開，跟樓時景一睡再睡，
可更沒料到的事情來了──他懷了死對頭的崽！

◎B021《我懷了死對頭的崽》下　凍感丸子
樓時景認識明越八年，因寫情書告白失敗於是暗戀八年，
如今乘人之危才跟明越結婚，絕對不會讓人有機會跑！
鑽協議的漏洞用肉體的魅力引誘明越是一個方法；
學廚藝、準備愛心便當給孕吐的明越，他當仁不讓；
伺候洗澡穿衣加按摩，更是毫無抗拒；
無論明越是否留下孩子，他都尊重，只希望明越好好陪著他……
然而這麼簡單的願望卻總有人來妨礙，
一下是拿當年沒送出去的情書來挑撥離間，說他心裡有個白月光，
一下是爆料私事讓明越面對輿論攻擊，父子倆遭遇危險……",普通級,25開15*21cm,https://www.kingstone.com.tw/basic/2018563643303/?lid=book_normal_ra&actid=book_normal_ra
啪Time拍檔1,https://cdn.kingstone.com.tw/book/images/product/20186/2018620150607/2018620150607b.jpg?v=b3d63,277,"✨RIDIBOOKS讀者4.8顆星高分好評，韓國知名作家Cherrymanju人氣作品🔥火熱降臨🔥
✨宿命感拉滿！
本以為他們之間的孽緣，會在允健低頭那一刻結束，沒想到一份小組報告，再度令兩人緊緊♂糾纏♂
✨徐大帥哥兼資優生不懂，怎麼會有人不願意搭便車？
看著改報告投影片改到睡著的申圭浩，突然有股想要惡作劇的衝動──他臉紅的樣子，其實……有點可愛。
✨申圭浩真的想打死自己，竟然這麼輕易就跟徐允健滾床單了！
而且，他技術也太好了吧，全方位資優生真氣人──等等，我怎麼滿腦子都是他%%%時性感的樣子……
✨隨書附贈拍立得。
✨此為橫排版本
  韓國RIDIBOOKS讀者4.8星好評校園戀愛喜劇，Part-time Partner原著小說
表裡不一心機自戀攻╳正義感爆棚直率強氣受
因一個誤會開啟的激烈交鋒──
在你主動認錯之前，我，絕不認輸！
「你不是我的菜，別再耍花招了。」
平時總是掛著親切笑容的徐允健，
如今卻一臉冷漠地說著申圭浩聽不懂的話，
看著面前那個長相俊美的男子，
圭浩完全無法理解眼下究竟是什麼情況。
申圭浩承認，最初會注意到允健是因為他的外貌，
但格外關照他，是單純覺得可以跟他交朋友，
沒想到讓他產生這種荒唐的誤解，
誤會就算了，還自說自話地跑來挑釁，
圭浩決定要讓他明白，怎樣才是真正的耍花招！
申圭浩的解釋，徐允健一句話都不信──
如果不是喜歡他，為何經常偷看他、找他講話？
但他也受夠對方發瘋似的死纏爛打了，
所以選擇主動認錯，終結這場無意義的較量。
本以為能就此相安無事，不料報告組員突然休學，
這個意外，使他們兩人再度糾纏在一起……",限制級,21*14.8*1.5,https://www.kingstone.com.tw/basic/2018620150607/?lid=book_normal_ra&actid=book_normal_ra
《重生後狼族α拒當前夫》全 2 冊 + 限量「狼兔」典藏透卡,https://cdn.kingstone.com.tw/book/images/product/20185/2018563616598/2018563616598b.jpg?v=20bc3,578,"昨天的你對我不理不睬，今天的我讓你高攀不起！
戀愛腦Omega重生回到十七歲，
不只改頭換面從學渣變學霸，還一心跟未婚夫斬斷孽緣？
鋼鐵直男灰狼Alpha╳學霸美人兔子Omega
總裁的重生追妻火葬場，挑戰開始！

挖煤貓 繼《算命的說我19歲會被鬼吃掉》後，
最新力作《重生後狼族α拒當前夫》，購書即贈首刷限量「狼兔」典藏透卡！

◎月光之城B018《重生後狼族α拒當前夫》上
上輩子十七歲的葉雪喬夢想是當祁太太，
如今葉雪喬的夢想換成了研究宇宙，
他要過充實的生活、精彩的人生，
祁暮雲？請往後排隊，謝謝。

重返十七歲的白兔獸人Omega葉雪喬只有一個目標──
讓成績進步，保送大學，研究天體物理，
愛情與上輩子的前夫只是他求學路的絆腳石！
可不料前夫灰狼Alpha祁暮雲卻成了一個戀愛腦，
上輩子兩人相識到婚後的七年他都把他當太陽繞著轉，
換來的卻是祁暮雲出軌的消息和飛機失事，
如今婚約都解除了祁暮雲卻纏著他不放，
說要重新追回他，活像是高冷前夫祁總也回來了……

◎月光之城B019《重生後狼族α拒當前夫》下
「星空不及你耀眼，宇宙不及你浪漫。」
面對戀人的冷言冷語，狠心斬斷兩人關係，
鋼鐵直Ａ祁暮雲被逼得成長、被逼出說愛的潛力，
葉雪喬七年的喜歡治癒了他，現在換他治癒他的傷……

帶著金融巨鱷的眼界和能力重返十七歲，
課業對於祁暮雲是小菜一碟，唯一的難題只有追兔子……
他知道葉雪喬上輩子所有的遺憾，努力幫忙改寫，
他也終於明白自己表達愛的方式哪裡出錯，
學著坦白說出心底話，陪著葉雪喬一起鑽研學術，
然而葉雪喬為了課業累壞了，身體不適在考場發情，
他不得不咬了對方一口臨時標記，
可這自作主張的行動，也讓兩人岌岌可危的關係雪上加霜……",普通級,25開15*21cm,https://www.kingstone.com.tw/basic/2018563616598/?lid=book_normal_ra&actid=book_normal_ra
未必故意的戀愛史上部1,https://cdn.kingstone.com.tw/book/images/product/20186/2018620141902/2018620141902b.jpg?Q=c47a4,298,"實力派演員李偶然擁有帥氣的外貌，
不僅文質彬彬、氣質出眾，待人還親切有禮，
被讚譽為「沒有黑粉的藝人第一名」，
共事過的人都對他一致好評。
實際上李偶然有個天大的祕密──
崔仁涉知道李偶然的完美形象都是演出來的。
他千方百計成為李偶然的經紀人，
為的就是蒐集證據達成與好友的約定：
將李偶然醜惡的真面目公諸於世，替她報仇！
可當上經紀人後，和李偶然相處的每一刻，
他的決心都在不斷地動搖……
李偶然無法理解崔仁涉。
這位新來的經紀人明明不喜歡他，卻謊稱是粉絲；
明明討厭他，遇到危險時又會奮不顧身地救他。
種種不合常理的行為勾起了李偶然的好奇心，
這個像瘋子一樣的經紀人到底有什麼目的？
  本書特色
  ◎人氣韓耽來襲～～韓國RIDIBOOKS評價高達4.7顆星！改編漫畫、廣播劇好評不斷
◎特邀知名繪師吉茶繪製精美封面！快來看偶然歐爸令仁涉（＊劃掉＊）粉絲瘋狂心動的盛世美顏⁄(⁄ ⁄ ⁄ω⁄ ⁄ ⁄)⁄
◎人有多瘋，就有多寵！喜歡瘋批攻╳天然受的朋友千萬不要錯過
◎當不懂愛的他遇上充滿愛的他，截然不同的兩人究竟會碰撞出什麼樣的愛情故事？
◎隨書附贈拍立得卡，記錄我的心因你悸動的每個瞬間
  韓國RIDIBOOKS 4.7超高評價浪漫愛情喜劇
腹黑偏執超人氣演員╳正直單純菜鳥經紀人
與你相遇，是偽裝成巧合的故意為之；
愛上你，卻是無可避免的怦然心動。",普通級,21.0*14.8*1.7,https://www.kingstone.com.tw/basic/2018620141902/?lid=book_normal_ra&actid=book_normal_ra
太陽的痕跡3【含預購贈品】,https://cdn.kingstone.com.tw/book/images/product/20186/2018620153523/2018620153523b.jpg?v=91e7a,284,"★在太陽墜落的瞬間，影子才發現，
失去光，黑暗就沒了存在的意義

★大型連續副本迎來終戰，
兩人的感情也將步入完美結局……嗎？

★人氣BL韓漫臺灣KAKAO破萬點閱連載中！

★隨書好禮大方送：
第一重：隨書附錄「羅德島太陽神像」全景拉頁海報，可搭配預購贈品使用
第二重：隨書附贈精美留言卡
第三重：獨家收錄作者紙上訪談第三彈，暢談副本和角色的幕後花絮
第四重：特殊裝幀書封，封底上有完整的太陽神像，打開折口則會露出攻略前的古代遺跡，並有燙色作者印簽，值得珍藏！

★預購限量好禮：
拍立得角色透卡乙張（5.4cm*8.5cm）
PVC透卡上印有作者簽名，請搭配隨書附贈的背景圖拉頁海報使用，
可拿角色拍立得透卡任意放在場景的某個角落拍照，
跟著他們一起觀賞羅德島宏偉的太陽神像吧！
（數量有限，送完為止。印刷效果請以實物為準，謝謝）

史賢帶領著Chord連續攻克六處古代七大奇蹟的大型連續副本，直到要進行最後一個副本前事情突然發生了變化。

由於HN公會會長的死亡，史允江接任成為新任會長，並藉此換掉Chord優先進入副本的權利，轉而由HN公會一級特攻隊頂替，引起軒然大波。最後，在史賢的計謀下，史允江不僅從副本中慘敗，還遭指控對前任會長下毒而黯然下臺。

史允江憤而揭露他偷拍到鄭利善在龍仁的家中，竟出現理應在第二次大型副本時死亡的獵人，讓鄭利善一時被捲入風口浪尖上。過往的陰影及對朋友的愧疚再度籠罩著鄭利善，在絕望之際，他察覺自己竟不知不覺中愛上了史賢，對史賢的感情是唯一活下去的理由，偏偏他主動跟史賢告白時，亦清楚地發現史賢只是在利用這份感情，好把自己牢牢掌握在手中。

另一頭，史賢找獵人公會長談判，順利化解輿論危機，還順理成章地成為HN公會長，同時成功說服泰信公會一起攻略法羅斯島燈塔，最後甚至被鄭利善告白了……意氣風發的史賢沒注意到鄭利善的不對勁，在進入最終副本前夕，答應要幫他實現最後一個願望……

燈塔閃耀的火光灑在他們身上，就像是被光芒困住般，
史賢艱難地握著鄭利善的手，「待在我身邊，拜託。」

＝延伸閱讀＝
愛生活◆愛閱讀◆愛創作
更多精采活動與新書訊息請關注：
愛呦文創粉絲團：https://www.facebook.com/iyao.book/",普通級,21*14.8*1.5,https://www.kingstone.com.tw/basic/2018620153523/?lid=book_normal_ra&actid=book_normal_ra
魔尊說我始亂終棄 (上),https://cdn.kingstone.com.tw/book/images/product/20185/2018563640197/2018563640197b.jpg?v=2e3b5,237,"#東方玄幻
#穿越重生
#主寵年下
#強強互寵

捉摸不定醋精魔尊攻 ╳ 好吃懶做遲鈍尊者受

郁遠聽媽媽說了個BL仙俠小說的故事，跟他撞名的男主角慘遭陷害，危難之刻一劍刺向愛寵白虎，將其推入山谷，自己則落得屍骨無存的下場。
當晚他作了一個有關白虎的夢，直接就穿越到BL小說的世界裡了！
原來是眼前的藍眼美男將自己召喚到書裡來，一口咬定他就是在書中慘死的同名男主角，郁遠百口莫辯只好半推半就地認了下來，好幾天下來心心念念的大貓沒見著，只有指責他始亂終棄卻又無微不至地照顧著他的傲嬌魔尊整天在眼前晃⋯⋯",限制級,20*13*1.8,https://www.kingstone.com.tw/basic/2018563640197/?lid=book_normal_ra&actid=book_normal_ra
魔尊說我始亂終棄 (下),https://cdn.kingstone.com.tw/book/images/product/20185/2018563640227/2018563640227b.jpg?v=a8a50,237,"#東方玄幻
#穿越重生
#主寵年下
#強強互寵

捉摸不定醋精魔尊攻 ╳ 好吃懶做遲鈍尊者受

兩人互表心意以後，肖颺因為兩人的主寵關係以及郁遠的「死」一直感到很不安，認為郁遠不過是為了哄他才與他交往，儘管郁遠早就知道了魔尊的真實身分，他還是一直等到肖颺跟他相認，只有這樣他們才可以少去心結，而彆扭過後肖颺總算承認自己就是他心心念念的大貓貓！
從肖颺口中得知了一些過去的真相，看著愛人與師弟們努力為他洗刷冤屈、報從前的仇，懶散如郁遠不禁也開始思考有什麼方式可以減輕他們的負擔，保護自己的重要之人⋯⋯

收錄番外〈中秋番外〉
出版獨家番外〈後日談〉、〈道侶大典〉、〈找媽媽〉",限制級,20*13,https://www.kingstone.com.tw/basic/2018563640227/?lid=book_normal_ra&actid=book_normal_ra
人類幼崽廢土苟活攻略3【印簽特裝組】,https://cdn.kingstone.com.tw/book/images/product/20185/2018563633946/2018563633946b.jpg?v=7f8c1,545,"封琛：「你在不安什麼？難道還擔心我把你扔了？」
顏布布：「我不擔心，我知道你不會扔掉我，我只是不想你身旁出現另外的人。我只要你和我，還有薩薩卡和比努努。」

★晉江好評不斷哨嚮文，竹馬不相離
#九年後 #末日危機 #中央城 #老友記 #埃哈特哨嚮學院

★晉江好評不斷哨嚮文，竹馬不相離
年輕的哨兵和嚮導即將展開全新冒險旅程~
顏布布：「我好像有點開始喜歡這個學院了。」
封琛臉上露出似笑非笑的神情，「因為可以穿軍裝？」
「對，因為可以穿軍裝，我可太喜歡看你穿軍裝了。」

★封琛：「你為什麼讓獅子叫薩薩卡？牠和比努努不是老在打架嗎？」
顏布布：「對啊，他們就老是在打架啊，所以獅子才得叫薩薩卡啊。」

★隨書好禮大方送：
第一重：封面有燙金作者手寫金句
第二重：隨書附錄人氣繪師透明Tomei精心繪製的彩頁海報
第三重：隨書附贈精美留言卡
第四重：特別收錄作者獨家訪談第二彈，暢談創作源起

★預購限量好禮：
PVC印簽透卡
尺寸：5.4 x 8.5cm
──我只要你和我，還有薩薩卡和比努努
角色透卡上有作者手寫金句，限量珍藏！
（數量有限，送完為止）

人類幼崽廢土苟活攻略3【印簽特裝組】╱小說+串串壓克力吊飾（附玫瑰金愛心鑰匙扣）

=商品簡介=
「海雲城的我們」串串壓克力鑰匙扣
規格：6x6cm+5x5cm╱0.2cm透明壓克力+滴膠╱皆雙面同圖╱保護膜請自行撕除╱附玫瑰金愛心鑰匙扣

──只要你願意，我們就永遠在一起
兩個小朋友，守著一座被大雪覆蓋的城市，九年來只有他們的量子獸相伴。雖然末日的環境如此惡劣，但是空無一人的海雲城卻是他們的一方淨土。串串吊飾是在雪地玩耍的封琛和顏布布，旁邊少不了兩人的量子獸──薩薩卡和比努努，末日裡難得的溫馨畫面一定要收藏！

【備註】
1. 內含壓克力吊飾與預購贈品，吊飾會包氣泡袋。
2. 預購贈品數量有限，送完為止，預購結束後所出貨的商品就不再附贈。
3. 商品示意圖僅供參考，實際印刷顏色及效果請以實品為準，謝謝。
4. 串串吊飾的子母吊飾尺寸較大，整體長度較長，使用時請勿用力拉扯及注意不要勾到東西，不然C圈容易鬆脫。若因使用不當造成吊飾鬆脫或遺失，恕無法退換。

=小說簡介=

封琛帶著被喪屍咬到而陷入昏迷的顏布布，留在即將迎來極寒氣候的海雲城裡。
眼見顏布布身上的喪屍病毒漸漸擴散，又正巧來到他的七歲生日，封琛帶著他跑到廢棄的遊輪上，想實現布布的生日願望──兩人一起在船上看星星，雖然磅礡大雨讓天空什麼也看不見……
正當封琛抱著顏布布絕望痛哭時，忽然從角落裡出現一個全身漆黑的比努努。這世界上大概只有一個人會拿卡通角色來當自己的量子獸吧？
封琛滿腹疑惑地低頭往懷中看去，這一刻他連呼吸都忘記了……

從此，兩個小朋友和他們獨特的量子獸，守著被大雪籠罩、空無一人的海雲城，相互依偎生活了九年，直到陌生的旅人前來借宿，才打破了這寧靜。
封琛聽到中央城仍喪屍病毒肆虐，疫苗尚未問世，但當年他明明已親手將密碼盒交給林奮了，為何多年過去喪屍危機仍沒解除？
兩人決定動身前往中央城一探究竟……

「我們去中心城待多久？什麼時候回來？」顏布布遙遙望著海雲城問。
封琛沉默片刻後，道：「我也不知道。」
「這是我們兩個人的海，是我們兩個人的海雲城。」顏布布低聲道。
封琛：「我們兩個人的海一直都在這兒，海雲城也在這兒，只要想回來，隨時都可以。」

＝延伸閱讀＝
愛生活◆愛閱讀◆愛創作
更多精采活動與新書訊息請關注：
愛呦文創粉絲團：https://www.facebook.com/iyao.book/",普通級,21*14.6*1.8,https://www.kingstone.com.tw/basic/2018563633946/?lid=book_normal_ra&actid=book_normal_ra
死亡萬花筒(1)(限),https://cdn.kingstone.com.tw/book/images/product/20185/2018563616208/2018563616208b.jpg?v=c71c4,383,"起初的異樣，是家裡的貓不讓抱了。
然後某一天，當他推開家中的門，卻發現熟悉的樓道變成了長長的走廊。
走廊的兩頭，是十二扇一模一樣的鐵門。
故事由此開始 ……",限制級,25開15*21cm,https://www.kingstone.com.tw/basic/2018563616208/?lid=book_normal_ra&actid=book_normal_ra
反派吸血鬼的求生哲學02【首刷附錄版】,https://cdn.kingstone.com.tw/book/images/product/20186/2018630685571/2018630685571b.jpg?v=ce6e2,221,"★對我而言，最殘酷的命運是失去你——
★求吸血的悶騷假正直聖騎士╳不吸血的偽高冷挑食吸血鬼
★新生代暢銷作家草草泥╳人氣繪師阿蟬鉅獻！
★首刷限定〈宿命〉精美明信片
  「如果上天要賦予我這個命運，我至死也會抵抗到底。」
  轉生而來的伊凡成功扭轉了故事的劇情，
聖騎士尤里西斯也正式成為他的專屬血奴。
由於前任聖騎士長去向不明，
尤里西斯肩負眾望，晉升為聖騎士長。
  但即使主要劇情改變了，
和伊凡一起來參加典禮的青梅竹馬•阿德曼仍被聖騎士砍傷了雙眼！
伊凡下定決心要保住好友的性命，使其躲過慘死的結局。
  然而，前任聖騎士長賈克森竟與惡鄰居加雷特聯手，
讓尤里西斯也受到重傷，無法逃過眾叛親離的命運……",普通級,25開15*21cm,https://www.kingstone.com.tw/basic/2018630685571/?lid=book_normal_ra&actid=book_normal_ra
12月2,https://cdn.kingstone.com.tw/book/images/product/20186/2018620137127/2018620137127b.jpg?Q=9db00,298,"發情期的到來，讓一直隱忍的心動與渴望無所遁形，
在仁川的飯店裡，延宇和金信度過了火辣又纏綿的一週。
炙熱的體溫，顫慄的撫觸，令人失去理智的香氣，
這一切都遠遠比不上金信在他耳畔傾訴的告白：
「延宇學長，我喜歡你。」
那位強大又充滿魅力的Alpha竟然喜歡自己，
這個事實讓延宇既開心又患得患失，
雖驚喜於兩情相悅，也擔心對方終有一天會後悔，
最後他答應了，開始與金信的祕密戀愛。
正當兩人沉浸熱戀的甜蜜時，
金信父親在國外受傷的消息傳來，亟需他前往探視。
就在金信搭機啟程的那天早晨，
延宇照例出門打工，忽然發覺一輛陌生的車子停在巷口，
一道熟悉又沙啞的聲音傳來：「宋延宇，好久不見。」
明明幸福近在咫尺，過往的陰暗卻再次朝他伸出了魔爪……

本書特色

◎春暖花開的四月，大勢ABO韓耽《12月》續集來襲～～從學長學弟關係晉升為情侶的兩人，會如何甜蜜相愛，閃瞎大家呢？
◎祕密戀愛的好處就是偷偷來（噓）～～快來看看金信怎麼善用時間地點盡情疼愛可愛又迷人的延宇，極優Alpha的行動力，可是不容許你說不要喔！
◎改編漫畫裡的超火辣床戲、妄想挑逗畫面　你想看到的所有細節，原著小說完整呈現！
◎特邀人氣繪師日出的小太陽繪製心動滿分的封面──在偌大的圖書館裡，金信深情款款的眼神中只有延宇學長～我的眼裡、心裡都是你！＞／／／＜
◎小編偷偷說　繁中版同名實體漫畫緊鑼密鼓準備中，敬請期待！（詳細消息請靜待粉專公布）
◎隨書附贈鍾情宇你限動霧透卡。

高人氣ABO韓漫原作小說
覺醒系極優Alpha年下攻╳溫柔堅毅Omega學長受
三年前無意間的舉動，讓愛意如滾雪球般壯大，
也讓他變成華麗的禮物，重新來到自己面前……
 ",限制級,21*15*2,https://www.kingstone.com.tw/basic/2018620137127/?lid=book_normal_ra&actid=book_normal_ra
抱我，可以嗎？,https://cdn.kingstone.com.tw/book/images/product/20185/2018563601761/2018563601761b.jpg?v=a0343,196,"「我……我喜歡你們幫我……唔……」
「你們？呵呵。果然，你需要兩個男人才能夠滿足——」

汪厲行——頂級財閥董事長。
周清良——風流黑道太子爺。
在破產之前，解里司從未想過，
自己有一天會與這兩位大人物糾纏不清。
原以為只是一夜風流，
汪厲行與周清良卻從此纏上了他。
每每深夜被兩個人納入懷中，他總是無可自拔地深陷情慾，
卻又在白日清醒的時候，羞恥地責怪自己的放浪形骸。
理智與慾望在來回拉扯，日日夜夜不曾停歇，
漸漸地，解里司竟開始搞不明白，
究竟是他的身體在渴望快感的滋潤，
還是連他的心都在一同往下沉淪…",限制級,32開13*19cm,https://www.kingstone.com.tw/basic/2018563601761/?lid=book_normal_ra&actid=book_normal_ra
死亡萬花筒(2)(限),https://cdn.kingstone.com.tw/book/images/product/20185/2018563616338/2018563616338b.jpg?v=eb1f5,383,"起初的異樣，是家裡的貓不讓抱了。
然後某一天，當他推開家中的門，卻發現熟悉的樓道變成了長長的走廊。
走廊的兩頭，是十二扇一模一樣的鐵門。
故事由此開始 ……",限制級,25開15*21cm,https://www.kingstone.com.tw/basic/2018563616338/?lid=book_normal_ra&actid=book_normal_ra
死亡萬花筒(4)(限)(完),https://cdn.kingstone.com.tw/book/images/product/20185/2018563616468/2018563616468b.jpg?v=e83eb,383,"起初的異樣，是家裡的貓不讓抱了。
然後某一天，當他推開家中的門，卻發現熟悉的樓道變成了長長的走廊。
走廊的兩頭，是十二扇一模一樣的鐵門。
故事由此開始 ……",限制級,25開15*21cm,https://www.kingstone.com.tw/basic/2018563616468/?lid=book_normal_ra&actid=book_normal_ra
死亡萬花筒(3)(限),https://cdn.kingstone.com.tw/book/images/product/20185/2018563616178/2018563616178b.jpg?v=aea85,383,"起初的異樣，是家裡的貓不讓抱了。
然後某一天，當他推開家中的門，卻發現熟悉的樓道變成了長長的走廊。
走廊的兩頭，是十二扇一模一樣的鐵門。
故事由此開始 ……",限制級,25開15*21cm,https://www.kingstone.com.tw/basic/2018563616178/?lid=book_normal_ra&actid=book_normal_ra
PASSION 4,https://cdn.kingstone.com.tw/book/images/product/20186/2018620148826/2018620148826b.jpg?v=8f761,356,"◆改編廣播劇、改編漫畫，YUUJI殿堂級巨作
◆特邀廣播劇版繪師 NJ 繪製魅力絕美封面
◆絕對武力狂氣執著美形 × 陽光帥氣倒楣前軍人
——截然不同的兩人，受必然命運牽引的致命之愛
  ——或許我比想像中的還要喜歡你。
  ▶收錄伊萊視點番外〈hidden track〉
  鄭泰義隱藏身分尋找哥哥的行蹤，
意外在歐洲幫助了另一位愛書成癡的貿易商凱爾。
毫無頭緒的他接受了凱爾的好意，
決定在對方家裡暫住一段時間。
  然而，泰義很快發現凱爾的真正身分遠超乎他的想像，
在複雜的利益衝突之中，
泰義竟然被綁架作為逼迫凱爾的人質。
在千鈞一髮之際，
出現在他眼前的，竟是最為危險的男人──
  「一個人要擁有另外一個人其實很簡單。
只要讓對方在潛意識中，深深地認知到是誰擁有了誰就可以了。」
「難道你為了要讓我相信我是屬於你的，
打算做出像是心理暗示這種瘋狂的事嗎？」
  「你就求我幫你吧。只要你開口，我就幫你。」
「如果我不求你幫我，你就要把我丟在這裡？」
 ",限制級,25開15*21cm,https://www.kingstone.com.tw/basic/2018620148826/?lid=book_normal_ra&actid=book_normal_ra
PASSION 3,https://cdn.kingstone.com.tw/book/images/product/20186/2018620148796/2018620148796b.jpg?v=6d28f,363,"◆改編廣播劇、改編漫畫，YUUJI殿堂級巨作
◆特邀廣播劇版繪師 NJ 繪製魅力絕美封面
◆絕對武力狂氣執著美形 × 陽光帥氣倒楣前軍人
——截然不同的兩人，受必然命運牽引的致命之愛
  ——你真的都不會拒絕我嗎──即使是這樣？
  成為伊萊的校尉之後，
鄭泰義在UNHRDO的生活變得十分艱辛。
不僅成了部員們的受氣包，整天被冷嘲熱諷，
甚至還被狠狠打了一頓。
  在這種令人疲憊的狀況下，與南美洲分部的集訓也即將開始。
與伊萊一同留在亞洲分部的泰義，答應了叔叔的奇怪請求。
但UNHRDO的內幕、與伊萊的肉體關係、對自己感情的困惑，
都讓疲憊日漸增加，
終於爆發的情緒讓他做出了驚人的舉動──
  「……你留下痕跡了？」
「對啊。」
「……在很明顯的位置嗎？」
「剛好就在你中指第三個指節的位置吧。」
    「……這樣踢過之後，你的心情有比較好嗎？
我果然還是不習慣挨打，剛剛差點就要直接回手了。」
 ",限制級,25開15*21cm,https://www.kingstone.com.tw/basic/2018620148796/?lid=book_normal_ra&actid=book_normal_ra
生如夏花 (上),https://cdn.kingstone.com.tw/book/images/product/20185/2018563639948/2018563639948b.jpg?v=32512,198,"#青春校園
#青梅竹馬
#互相救贖
#都市職場

自閉症忠心偏執攻 ╳ 熱心溫和善良受


季硯在父母嚴厲的管教下乖巧又規矩地長大，但他的內心始終有著一絲對父母的叛逆；他的鄰居向暘，在充滿父母期待之中出生，然而在五歲那年診斷出自閉症之後一切都變了調，成為這個鄉下小地方「不正常」的存在。
上國中以後，向陽家中準備迎接新生命的到來，將他託付給季硯一起上下學，季硯一開始只是想與向暘交流，但家庭環境的影響讓他們變得互相依賴，關係越加親密，但在向暘還不自覺的時候，季硯先一步察覺到了向暘對他的感情⋯⋯


收錄番外〈童話故事版番外 小羊與小雞〉
出版獨家番外〈洗內褲〉",限制級,20*13*1.2,https://www.kingstone.com.tw/basic/2018563639948/?lid=book_normal_ra&actid=book_normal_ra
生如夏花 (下),https://cdn.kingstone.com.tw/book/images/product/20185/2018563640067/2018563640067b.jpg?v=2b088,198,"#青春校園
#青梅竹馬
#互相救贖
#都市職場

自閉症忠心偏執攻 ╳ 熱心溫和善良受


季硯順利考上高中，與向暘分開的的日子裡也終於面對自己喜歡向暘的心，兩人再也無法壓抑彼此的感情，偷偷摸摸地開始交往。
季硯準備考大學的同時，沒有上高中的向暘就在旁邊安安靜靜地摺紙，技術越發精湛，兩個人也過著相互依偎的小情侶日常，但在季硯考上外地大學的同時，這也意味著兩人又將要分開，但他們都很清楚，現在的分離是因為他們要變得強大才能相守。
而季硯遠在外地念書時，一位藝術工作室的經紀人按響了向暘家的門鈴⋯⋯

收錄番外〈同居番外一 叫老公〉、〈同居番外二 共浴〉、〈同居番外三 生病〉、〈離家出走（向傑視角）〉
出版獨家番外〈同居番外四 視訊",限制級,20*13*1.2,https://www.kingstone.com.tw/basic/2018563640067/?lid=book_normal_ra&actid=book_normal_ra
獨寵外傳(限)(完)【首刷附錄版】,https://cdn.kingstone.com.tw/book/images/product/20186/2018620150737/2018620150737b.jpg?v=7fa0e,379,"★只要商量好，主人殺死奴隸也無所謂嗎？
★美人年下黑道少爺D╳壯碩前傭兵保鑣S
★收錄四篇番外《冷酷無情但充滿愛》、《雨後》、《只想要你》、《喵皇，喵皇》
★首刷贈送〈只屬於你〉精美明信片

「花英先生，我們分手吧。
我不能永遠當您的奴隸了。」

經過許多紛擾，花英與奎元的關係跨越「◎愉虐關係（DS關係）◎」，
成了真正的戀人。
原以為能永遠幸福度過的平靜生活，
卻因為奎元前下屬傭兵的出現而有了變化。

與此同時，花英的部門空降一位新的上司，
對方不僅知道花英是個支配者，更頻頻試圖利用權力，
逼迫花英與自己建立愉虐關係！

然而，就在花英為此心煩之際，
奎元忽然提出分手，
並且就此失去連繫……",限制級,25開15*21cm,https://www.kingstone.com.tw/basic/2018620150737/?lid=book_normal_ra&actid=book_normal_ra
魔道祖師番外集《陳情令》原著小說,https://cdn.kingstone.com.tw/book/images/product/20185/2018561900736/2018561900736b.jpg,187,"〈奪門〉：魏無羨和藍忘機碰上了一樁凶屍拍門的事件，可受害人家卻遲遲不願吐露實情……
〈鐵鉤〉：駭人的鬧鬼屋子，讓魏無羨趁機拿來鍛鍊金凌和思追、景儀等一眾小輩。
〈蓮蓬〉：夏日摘（偷）蓮蓬，是年少時期的他們一段美好的舊日時光。
〈雲夢〉：兩人同遊雲夢，藍忘機的撩人功力讓魏無羨差點招架不住……

本書特色

墨香銅臭 最強經典代表作《魔道祖師》精采的四篇番外集錦！

有此前的回憶，亦有之後的攜手，
曲終，人不散。

墨香銅臭年度最具話題性的超強人氣之作！
第一季動畫超過27億次點擊量！
熱播網劇《陳情令》原著小說！影視70億次點擊量！",普通級,21*14.8,https://www.kingstone.com.tw/basic/2018561900736/?lid=book_normal_ra&actid=book_normal_ra
前夫高能(1)(限),https://cdn.kingstone.com.tw/book/images/product/20185/2018563628409/2018563628409b.jpg?v=7eaa7,306,"""混血小狼狗李維斯不遠萬里來到中國，因為簽證到期，只好找人假結婚以取得中國綠卡。
本以為只是一場單純的交易，誰知卻捲入離奇的超自然案件，各路奇葩紛紛找上門來，拜倒在他的破牛仔褲下……""",限制級,25開15*21cm,https://www.kingstone.com.tw/basic/2018563628409/?lid=book_normal_ra&actid=book_normal_ra
前夫高能(2)(限),https://cdn.kingstone.com.tw/book/images/product/20185/2018563628539/2018563628539b.jpg?v=2f921,306,"""混血小狼狗李維斯不遠萬里來到中國，因為簽證到期，只好找人假結婚以取得中國綠卡。
本以為只是一場單純的交易，誰知卻捲入離奇的超自然案件，各路奇葩紛紛找上門來，拜倒在他的破牛仔褲下……""",限制級,25開15*21cm,https://www.kingstone.com.tw/basic/2018563628539/?lid=book_normal_ra&actid=book_normal_ra
12月1,https://cdn.kingstone.com.tw/book/images/product/20185/2018563407561/2018563407561b.jpg?Q=373ae,298,"12月刺骨的寒夜裡，為了逃離Alpha學長的魔掌，
身為劣性Omega的宋延宇被迫離開家鄉，
無處可去的他只能躲進工地貨櫃屋等待清晨的首班車，
卻意外邂逅了車禍受傷的離家少年。
相似處境讓初識的二人卸下防備，交換彼此的心事，
那一夜偶然的相遇，溫暖了兩個同樣孤單的靈魂。
三年後，延宇決定回到故鄉，
打算重振生活的他一邊打工，同時準備復學，
在圖書館複習時，好心解救一位面臨發情期的學生，
也因此結識了對方的舅舅──傳聞中的極優性Alpha，金信。
過往的經歷，讓延宇不斷告誡自己必須遠離Alpha，
但又禁不住本能地深受金信的一舉一動吸引，
為他身上那股宛如被白雪覆蓋的樹林氣味而心動不已。
然而延宇不知道的是，早在三年前的那個夜晚，
緣分已然覺醒，將他們二人緊緊相繫……

本書特色

◎二月開春，大勢ABO韓耽火熱來襲～～三年前偶然一遇讓真愛覺醒，重逢的二人該如何跨越AO的不平等待遇，攜手相愛一生呢？
◎想看隱性瘋狗攻的讀者們照過來～～面對溫柔善良卻時時警戒的延宇學長，看人前紳士可愛的年下忠犬金信，私下會爆發多麼執著又瘋狂的獨占欲！
◎今年冬季最需要這把！漫畫裡的超火辣床戲、妄想挑逗畫面，小說裡完整呈現！
◎特邀人氣繪師日出的小太陽繪製浪漫的封面──無論什麼風景，我都願意陪你同行，等著你認出我、愛上我。
◎小編偷偷說 繁中版同名實體漫畫緊鑼密鼓準備中，敬請期待！（詳細消息請靜待粉專公布）
◎隨書附贈雪地漫步限動霧透卡。

高人氣ABO韓漫原作 深情登場！
覺醒系極優Alpha年下攻╳溫柔堅毅Omega學長受
寒風凜冽的那年冬夜，他逃離熟悉的故鄉，
從此住進一個人的心裡──
 ",限制級,21*14.8*1.6,https://www.kingstone.com.tw/basic/2018563407561/?lid=book_normal_ra&actid=book_normal_ra
偽裝學渣橫排 (上),https://cdn.kingstone.com.tw/book/images/product/20185/2018562682051/2018562682051b.jpg,323,"賀朝、謝俞，兩位明明智力超群、聰明好學卻拚命偽裝成讓師長頭疼的「問題兒童」，到底是為何原因？
兩個活寶機緣巧合成為同班同桌後，打打鬧鬧卻滋生出不一樣的感情，越了解就愛越多，
原來心底的徬徨無助卻有可以溫暖治癒的妙方。",普通級,25開15*21cm,https://www.kingstone.com.tw/basic/2018562682051/?lid=book_normal_ra&actid=book_normal_ra
偽裝學渣橫排 (下),https://cdn.kingstone.com.tw/book/images/product/20185/2018562681979/2018562681979b.jpg,323,"賀朝、謝俞，兩位明明智力超群、聰明好學卻拚命偽裝成讓師長頭疼的「問題兒童」，到底是為何原因？
兩個活寶機緣巧合成為同班同桌後，打打鬧鬧卻滋生出不一樣的感情，越了解就愛越多，
原來心底的徬徨無助卻有可以溫暖治癒的妙方。",普通級,25開15*21cm,https://www.kingstone.com.tw/basic/2018562681979/?lid=book_normal_ra&actid=book_normal_ra
太陽的痕跡3【特裝組】,https://cdn.kingstone.com.tw/book/images/product/20186/2018620153653/2018620153653b.jpg?v=d2a24,490,"★在太陽墜落的瞬間，影子才發現，
失去光，黑暗就沒了存在的意義

★大型連續副本迎來終戰，
兩人的感情也將步入完美結局……嗎？

★人氣BL韓漫臺灣KAKAO破萬點閱連載中！

★隨書好禮大方送：
第一重：隨書附錄「羅德島太陽神像」全景拉頁海報，可搭配預購贈品使用
第二重：隨書附贈精美留言卡
第三重：獨家收錄作者紙上訪談第三彈，暢談副本和角色的幕後花絮
第四重：特殊裝幀書封，封底上有完整的太陽神像，打開折口則會露出攻略前的古代遺跡，並有燙色作者印簽，值得珍藏！

★預購限量好禮：
拍立得角色透卡乙張（5.4cm*8.5cm）
PVC透卡上印有作者簽名，請搭配隨書附贈的背景圖拉頁海報使用，
可拿角色拍立得透卡任意放在場景的某個角落拍照，
跟著他們一起觀賞羅德島宏偉的太陽神像吧！
（數量有限，送完為止。印刷效果請以實物為準，謝謝）

太陽的痕跡3【特裝組】╱小說、場景自組立牌「羅德島太陽神像款」

= 商品簡介 =

壓克力自組立牌「羅德島太陽神像款」
10x13cm╱透明壓克力╱雙面同圖╱吊飾及立牌兩用╱保護膜請自行撕除

──我受傷了，利善。
看見史賢臉上的傷，鄭利善不自覺地擔憂伸出手，在緊張刺激的冒險中，逐漸加深對彼此的在乎與依戀！一起搜集五個副本場景，所有立牌都可以任意替換，讓兩人置身不同古代遺跡，守護彼此！
【備註】可自行加吊繩，變成壓克力吊飾使用（產品沒有附吊繩）

= 小說簡介 =

史賢帶領著Chord連續攻克六處古代七大奇蹟的大型連續副本，直到要進行最後一個副本前事情突然發生了變化。

由於HN公會會長的死亡，史允江接任成為新任會長，並藉此換掉Chord優先進入副本的權利，轉而由HN公會一級特攻隊頂替，引起軒然大波。最後，在史賢的計謀下，史允江不僅從副本中慘敗，還遭指控對前任會長下毒而黯然下臺。

史允江憤而揭露他偷拍到鄭利善在龍仁的家中，竟出現理應在第二次大型副本時死亡的獵人，讓鄭利善一時被捲入風口浪尖上。過往的陰影及對朋友的愧疚再度籠罩著鄭利善，在絕望之際，他察覺自己竟不知不覺中愛上了史賢，對史賢的感情是唯一活下去的理由，偏偏他主動跟史賢告白時，亦清楚地發現史賢只是在利用這份感情，好把自己牢牢掌握在手中。

另一頭，史賢找獵人公會長談判，順利化解輿論危機，還順理成章地成為HN公會長，同時成功說服泰信公會一起攻略法羅斯島燈塔，最後甚至被鄭利善告白了……意氣風發的史賢沒注意到鄭利善的不對勁，在進入最終副本前夕，答應要幫他實現最後一個願望……

燈塔閃耀的火光灑在他們身上，就像是被光芒困住般，
史賢艱難地握著鄭利善的手，「待在我身邊，拜託。」

＝延伸閱讀＝
愛生活◆愛閱讀◆愛創作
更多精采活動與新書訊息請關注：
愛呦文創粉絲團：https://www.facebook.com/iyao.book/",普通級,21*14.8*1.5,https://www.kingstone.com.tw/basic/2018620153653/?lid=book_normal_ra&actid=book_normal_ra
重生後我決定繼承家產1,https://cdn.kingstone.com.tw/book/images/product/20185/2018563620243/2018563620243b.jpg?v=a4569,284,"★高冷淡漠的天才演員 ╳ 小劇場豐富的新晉總裁
★他想當秦恪的爸爸，可是秦恪卻想當他的……男朋友？
★首刷附贈精美明信片！

宋昀然和秦恪自從出道以來，就是演藝圈內水火不容的死對頭，
雙方明爭暗鬥，互看不順眼。

直到某天――
宋昀然夢見自己是一本演藝圈升級流爽文裡的砲灰男配角，
無論怎麼努力都只能當男主角．秦恪的陪襯。
被嚇醒後，宋昀然意外重生了！？
他下定決心，這一世不混演藝圈，他要繼承家產，當個霸道總裁！
把秦恪踩在腳下，讓他對自己喊一聲：「爸爸」！

宋昀然接手星河娛樂後，靠著重生的優勢，
短短兩個月，竟讓這間虧損不斷的小公司有了起死回生之勢，
在秦恪似乎要簽約危機四伏的萬城影視之際，
宋昀然跳出來大喊：「不許簽！」
他一臉認真：「我同意你加入星河娛樂，我絕對會對你的未來負責到底。」
秦恪緩緩地勾起脣角：「好。」",普通級,25開15*21cm,https://www.kingstone.com.tw/basic/2018563620243/?lid=book_normal_ra&actid=book_normal_ra
重生後我決定繼承家產2,https://cdn.kingstone.com.tw/book/images/product/20185/2018563642931/2018563642931b.jpg?v=95d2b,284,"★高冷淡漠的天才演員╳小劇場豐富的新晉總裁
★不可能！喜歡什麼的肯定是錯覺――
★首刷贈精美雙面明信片！
  宋昀然的霸總事業逐漸步上軌道，
同時，他意識到秦恪和自己一樣重生了。
  這很不妙――
身為讓一切重來的罪魁禍首，
宋昀然深怕秦恪找自己尋仇，拚命隱瞞重生身分，
卻不知不覺把自己給賣了？！
宋昀然想跪：「我錯了，哥哥！」
秦恪：「……」
  宋昀然答應和秦恪一起參加旅遊綜藝節目。
兩人的感情因此迅速升溫，
也意外成功讓秦恪叫自己「爸爸」。
但還沒來得及開心太久，
誰來告訴他，為什麼秦恪的嘴脣看起來那麼好親？
宋昀然：我的父愛，難道變質了嗎？！
 ",普通級,25開15*21cm,https://www.kingstone.com.tw/basic/2018563642931/?lid=book_normal_ra&actid=book_normal_ra
我那完結後的人生 (限制級),https://cdn.kingstone.com.tw/book/images/product/20186/2018612419668/2018612419668b.jpg?v=357b7,253,"★我一直一直喜歡著你，即使換了副外貌，即使死後也一樣。
★附在同學身上，成為了暗戀對象的朋友……？
★劇透禁止！讀後必定反覆回味神作！極上青春純愛物語

我一直一直喜歡著你，
即使換了副外貌，即使死後也一樣。

野原草也因為倒楣的意外身亡後，
附在了同學天澤奏身上，
和天澤輪流使用這副身體。
不起眼的草也之所以挑中風雲人物天澤，
是因為他和自己心儀的市來一馬關係很好。
就在他為每天的小交流雀躍不已時，
某天忽然得知天澤拒絕了市來的告白。
草也忍不住對市來說「我想和你交往看看」，
兩人便試著開始交往……？
風格獨具三人共譜出的夢醒時分故事！",限制級,25開15*21cm,https://www.kingstone.com.tw/basic/2018612419668/?lid=book_normal_ra&actid=book_normal_ra
前夫高能(5)(限),https://cdn.kingstone.com.tw/book/images/product/20185/2018563628089/2018563628089b.jpg?v=914bf,306,"混血小狼狗李維斯不遠萬里來到中國，因為簽證到期，只好找人假結婚以取得中國綠卡。
本以為只是一場單純的交易，誰知卻捲入離奇的超自然案件，各路奇葩紛紛找上門來，拜倒在他的破牛仔褲下……
 ",限制級,25開15*21cm,https://www.kingstone.com.tw/basic/2018563628089/?lid=book_normal_ra&actid=book_normal_ra
直男系列09只是有點基,https://cdn.kingstone.com.tw/book/images/product/20187/2018741160752/2018741160752b.jpg?v=cb648,238,"商品特色
  ◎《直男系列》第四集中，柴克的弟弟、曾對崔斯坦充滿好感的尼克，明明是完美到無可挑剔的同志帥哥，竟意外栽在異性戀好友手裡？！
◎「你的老二，我的屁股；你高潮，我也高潮！」來自天然系直男任性又色情的邀請，會讓尼克除了肉體關係，也不禁動了真心，跨越「友情」那條禁忌的界線嗎？
◎你好壞，我超愛！尼克和泰勒之間羞辱卻火辣的「Dirty Talk」，絕對挑逗你的感官神經，從開頭嗨到最後一刻──獨屬英耽的文字魅力，就是要征服你💘
  網路超高人氣，亞馬遜本本四星以上，廣受好評的直男系列！
人生總是會在欲蓋彌彰的時刻，轉彎～～
【過度寵溺（？）】完美型男╳直男摯友【只想壞壞>///<】
愛上你……或愛「上」你？
這一次，他只想聽真心的答覆。
※隨書附贈：愛慾橫流插圖明信片
    內容簡介
  最近泰勒多了個難以啟齒的煩惱，
身為直男，他有點「太喜歡」屁股被玩弄的快感了。
但他停不下來，現在還有了想嘗試的新花樣：
他想要試試尼克‧海德威老二的滋味。
如果把手指伸進後穴自瀆，並不會改變他的性向，
那換放一根同志好友的老二也沒什麼大不了的，對吧？
泰勒就是個白痴，才會想出那種點子。
尼克對死黨新開發的性癖沒有任何意見，
然而這傢伙打起他身體的主意，那就另當別論了。
他上了泰勒，以為兩人友誼中的小小插曲很快便會過去，
可他低估了對方「慾求不滿」的程度，
他們應該是最好的朋友，而不是逐漸變成最好的砲友。
他和他總有一人會先受不了，喊停這荒謬的遊戲。
但在清醒之前，他們只會緊貼著彼此，控制不住呻吟，
受慾望俘虜做了一次、一次，又一次……
然後再試一次。",限制級,21*14.8*1.3,https://www.kingstone.com.tw/basic/2018741160752/?lid=book_normal_ra&actid=book_normal_ra
離婚當天我有了讀心術,https://cdn.kingstone.com.tw/book/images/product/20185/2018563578063/2018563578063b.jpg?v=55eef,680,"★知名文學網平臺讀者收藏量高達29100+↑，連載期間長期位於網站首頁榜單，讀者好評率極高之作。
★甜口肉文系人氣作家一只白兔糖×色氣漫溢知名畫家信步，共譜「口拙體正直」的汁甜肉多夫夫生活之道：老婆有需要，老公有求必硬！。
★隔着書頁都能讀到蠢蠢欲動的荷爾蒙，嘴上與內心的雙聲道熱情告白，讓人耐不住下身搔癢的急迫感猛烈襲來！
★他因雙性器官而感到自卑，在新婚之夜獨守空閨，結婚三年仍保清白之身，就在他對婚姻絕望之際，上天竟讓他意外「聽見」──丈夫其實很想操他？！
★他愛上了他，用「商業聯姻」騙他成婚，又害怕到不敢碰他──只敢渴求上天讓他愛上他，卻換來了一紙離婚協議？
★滿心愛意說不出口，只好半夜偷嘗蜜果──上下同步失禁的強制射入高潮之夜！
★繁體中文實體書獨家收錄，全新未公開限定番外〈小明星×大總裁〉，開啟色欲誘人的隔空直播網愛。
★隨書贈：
1. 「抗拒甜蜜」單面彩色拉頁（272mm×210mm）
2. 「再次戀曲」單面彩色拉頁（272mm×210mm）
★首刷贈：
1. 「蘇衍青」、「周于淵」單面彩色書籤卡（60mm×150mm）
2. 「虛設婚姻關係」、「引導相知相惜」、「龍和垂耳兔」雙面彩色方形卡（115mm×115mm）


（內心戲超豐富） （淫亂想被操） （雙向奔赴的愛愛）
冷面無口霸總VS.高貴冷豔設計師＝無性夫妻生活？

讓老婆寂寞了三年，所以老婆才要跟我離婚嗎？
我一定要加倍努力，當一個讓老婆離不開的按摩棒！！！
老婆：不會是鼻血進腦子，讓你滿腦廢料了吧！∑(ι´Дン)ノ


[故事簡介]
「我連該死的性生活都沒有！」
結婚三年，周于淵連一根指頭都沒碰過蘇衍青一下，
蘇衍青受夠了！
於是，在結婚紀念日這天，他提出了離婚，
然而，就在他把簽好字的離婚協議推到對方面前時，
腦海中突然響起了一陣嚎啕大哭──
「不要！不要！我不要簽字！嗚嗚嗚，簽字了老婆就不要我了！」
蘇衍青頓時傻住了，這個聲音是啥玩意？？？
冷面霸總怎麼變成了愛哭鬼？？？
更魔幻的是，他婚後首次半夜摸上蘇衍青的床，
伴隨著淫糜鹹濕的「心聲」，狠狠採擷了蘇衍青的「甜蜜」……
於是，被愛滋潤的身滿意足蘇衍青不離婚了，
決定上演嬌夫的誘惑──就從讓老公用「指尖深入」擦藥開始♡",限制級,25開15*21cm,https://www.kingstone.com.tw/basic/2018563578063/?lid=book_normal_ra&actid=book_normal_ra
After Sundown 日暮生死戀【1+2套書】,https://cdn.kingstone.com.tw/book/images/product/20185/2018563435458/2018563435458b.jpg?Q=c1761,474,"★ZeeNuNew主演電影原作小說上市！
★先婚後愛！以愛渡劫！只有與你，我的太陽才會升起。
★【首刷1+2套書組附贈】新繪印簽簽名板（首刷贈完即無贈品）


【內容介紹】
十九歲的暹拉威是個自小在寺廟長大的普通男孩，
為了不讓自己的師父負擔太重，主動放棄繼續上學，
卻也同時迎來轉機，被接到師父友人的莊園住，
迎來截然不同的世界，還有傳言必須和他訂婚
以化解劫難的對象──莊園主人的孫子帕蓬．席提宮甘。
無奈兩人自初見面便水火不容，暹拉威一度想拒絕婚約，
最後還是與對方達成協議，維持期限半年的訂婚關係，
只要時間一到便各自走人。暹拉威也發現，
只要待在帕蓬身邊，他住進莊園後碰到的靈異現象，
似乎便會就此平息……
 ©2022 by CEO.",限制級,21*15*2.2,https://www.kingstone.com.tw/basic/2018563435458/?lid=book_normal_ra&actid=book_normal_ra
全球高考印簽版套書(1-3集＋番外別冊＋A5文件夾),https://cdn.kingstone.com.tw/book/images/product/20185/2018562016504/2018562016504b.jpg,1019,"＝番外別冊簡介＝
何其有幸【獨家番外】／14.8x21cm／32P

游惑其實記不清自己跟秦究之間，
那種說不清、道不明的曖昧究竟起始於哪一天了……

秦究說：「我在想，這個新設立的規則一直有效麼？」
「什麼意思？」
「意思就是如果我再連續違規三次，你是不是還得陪我考一場？或者說，我每違規三次，是不是都能等到你來監考？」
游惑轉過頭去。
秦究盯著游惑的眼睛看了幾秒，又笑起來說：「開個玩笑，別這麼瞪我，那換個認真的問題，下回還能跟你借菸借火麼？」

後來，考生秦究被限制重考離開系統，
再後來，系統名單上多了一個考官Gin，
但已經很久很久沒人來找他借火了……

＝小說內容簡介＝
游惑的眼睛和記憶都出了些問題，從國外養病回國後，和酒鬼舅舅老于及學渣表弟于聞意外進入一棟雪山中的獵人小屋，被通知要進行物理考試。游惑放眼望去，同場考生淨是老弱病孕孩，真是五毒俱全，開局就是送命題，游惑卻要想辦法帶著所有人躺贏，結果不斷違規，要由監考官001秦究對他進行貼身監考……

第二場外語考試，隊友中有精通多國語言的外國人，以為穩贏了，結果考試題目是吉普賽語，甚至還牽扯到巫毒娃娃的詛咒。在恐怖懸疑的氣氛中，秦究遇見似乎認識自己的考場NPC。最後因嚴重違規，秦究成了和游惑綁定的考生，跟他一起參加下一場歷史考試，要在荒島上幫助擱淺的荷蘭船長一行人順利返航，島上有神出鬼沒的吃人海怪，還有躲在冰層下的神祕白臉怪，同時系統推出了新的考試制度。

但強強聯手沒在怕，勢必要把考場攪得天翻地覆……

本書特色

【特裝套書】
內含1-3集小說+番外別冊+A5文件夾（多款隨機）

★印簽版為每冊皆附雙面燙金印簽書衣
配合故事情節採雙面設計，考場懸疑風格；正反兩面皆印有燙金或燙銀的作者簽名

★附作者為繁體版全新加寫的番外別冊
內附8000字獨家番外，及5頁空白筆記頁，可記錄閱讀心得或摘錄書中金句

★每冊隨書好禮大方送：
第一重：隨書贈送精美留言卡
第二重：隨書加碼送「好學生獎勵卡」藏書票（3張，須自行裁切）
第三重：作者獨冢專訪，創作花絮大公開",普通級,21*14.8,https://www.kingstone.com.tw/basic/2018562016504/?lid=book_normal_ra&actid=book_normal_ra
前夫高能(6)(限)(完),https://cdn.kingstone.com.tw/book/images/product/20185/2018563628119/2018563628119b.jpg?v=d80fe,306,"混血小狼狗李維斯不遠萬里來到中國，因為簽證到期，只好找人假結婚以取得中國綠卡。
本以為只是一場單純的交易，誰知卻捲入離奇的超自然案件，各路奇葩紛紛找上門來，拜倒在他的破牛仔褲下……",限制級,25開15*21cm,https://www.kingstone.com.tw/basic/2018563628119/?lid=book_normal_ra&actid=book_normal_ra
前夫高能(4)(限),https://cdn.kingstone.com.tw/book/images/product/20185/2018563628249/2018563628249b.jpg?v=8cd8a,306,"  混血小狼狗李維斯不遠萬里來到中國，因為簽證到期，只好找人假結婚以取得中國綠卡。
本以為只是一場單純的交易，誰知卻捲入離奇的超自然案件，各路奇葩紛紛找上門來，拜倒在他的破牛仔褲下……
 ",限制級,25開15*21cm,https://www.kingstone.com.tw/basic/2018563628249/?lid=book_normal_ra&actid=book_normal_ra
前夫高能(3)(限),https://cdn.kingstone.com.tw/book/images/product/20185/2018563628379/2018563628379b.jpg?v=ecffc,306,"混血小狼狗李維斯不遠萬里來到中國，因為簽證到期，只好找人假結婚以取得中國綠卡。
本以為只是一場單純的交易，誰知卻捲入離奇的超自然案件，各路奇葩紛紛找上門來，拜倒在他的破牛仔褲下……
 ",限制級,25開15*21cm,https://www.kingstone.com.tw/basic/2018563628379/?lid=book_normal_ra&actid=book_normal_ra
